SECURITY_DES,BB_COMPOSITE,PX_LAST,CPN,LONG_COMP_NAME,MATURITY,CRNCY,CNV_PREM,DELTA,YLD_YTM_MID,CNTRY_OF_RISK,AMT_OUTSTANDING,CONVERTIBLE,SRCH_ASSET_CLASS
Bond_1,A,90.24,3.02,Issuer_A,2035-02-11,JPY,70.27,0.21,1.64,US,723000000,Y,Corporates
Bond_2,BB,107.47,1.12,Issuer_C,2027-10-03,EUR,67.47,0.64,1.8,GB,883000000,Y,Corporates
Bond_4,BB,105.29,1.1,Issuer_D,2030-01-03,EUR,13.07,0.5,3.71,DE,728000000,N,Corporates
Bond_6,A,92.82,2.01,Issuer_B,2034-09-03,USD,62.73,0.67,2.47,DE,449000000,N,Governments
Bond_7,B,106.5,1.93,Issuer_D,2033-01-18,JPY,39.34,0.02,1.18,DE,533000000,N,Corporates
Bond_8,BBB,91.78,3.61,Issuer_B,2033-05-17,USD,15.31,0.87,4.28,DE,73000000,Y,Corporates
Bond_10,BBB,105.68,1.32,Issuer_C,2031-04-15,USD,71.58,0.69,2.16,DE,144000000,Y,Corporates
Bond_11,CCC,106.47,2.32,Issuer_D,2026-04-10,GBP,38.63,0.25,4.33,DE,534000000,Y,Corporates
Bond_12,A,97.31,0.13,Issuer_A,2027-07-21,JPY,28.16,0.59,0.45,JP,898000000,Y,Corporates
Bond_14,AA,98.88,4.93,Issuer_D,2029-10-14,GBP,41.8,0.67,1.79,US,538000000,Y,Corporates
Bond_15,CCC,99.46,2.45,Issuer_B,2025-02-22,USD,54.17,0.36,0.33,US,361000000,Y,Corporates
Bond_16,CCC,107.98,2.74,Issuer_A,2025-09-09,EUR,48.98,0.72,1.81,GB,983000000,N,Governments
Bond_17,AAA,103.84,1.33,Issuer_A,2025-12-22,GBP,34.47,0.17,0.19,GB,591000000,N,Corporates
Bond_19,AA,100.74,2.08,Issuer_A,2033-01-15,EUR,21.61,0.45,1.87,FR,813000000,Y,Corporates
Bond_21,CCC,106.6,4.12,Issuer_B,2027-01-01,GBP,2.77,0.32,3.71,FR,988000000,Y,Corporates
Bond_22,AAA,92.26,1.78,Issuer_D,2034-05-05,GBP,66.69,0.36,2.57,FR,302000000,Y,Corporates
Bond_23,CCC,92.52,3.13,Issuer_B,2028-07-12,JPY,89.99,0.6,4.96,US,567000000,N,Corporates
Bond_24,B,90.99,1.4,Issuer_D,2032-02-03,GBP,66.13,0.24,3.87,JP,767000000,N,Corporates
Bond_25,BB,97.75,3.62,Issuer_B,2026-12-27,USD,33.06,0.98,0.4,JP,16000000,Y,Corporates
Bond_26,A,98.49,2.13,Issuer_C,2027-05-04,JPY,37.19,0.75,4.87,GB,573000000,N,Governments
Bond_27,A,108.38,2.45,Issuer_D,2028-07-10,JPY,80.26,0.75,4.21,US,498000000,N,Corporates
Bond_28,AAA,104.44,3.11,Issuer_D,2027-12-21,EUR,1.99,0.2,4.69,US,94000000,Y,Corporates
Bond_29,CCC,102.59,0.36,Issuer_B,2035-05-16,GBP,24.78,0.99,2.64,GB,312000000,N,Governments
Bond_30,AAA,106.37,0.27,Issuer_C,2029-07-15,GBP,93.64,0.7,0.39,US,327000000,Y,Corporates
Bond_31,BB,97.49,1.58,Issuer_D,2027-04-25,EUR,20.53,0.85,3.35,JP,525000000,N,Governments
Bond_32,B,108.11,3.56,Issuer_D,2028-07-23,EUR,69.96,0.09,4.49,GB,689000000,N,Corporates
Bond_33,BB,109.41,3.31,Issuer_C,2028-10-27,GBP,34.81,0.16,0.81,US,872000000,Y,Corporates
Bond_34,A,104.22,3.33,Issuer_D,2028-03-11,JPY,31.19,0.79,3.69,JP,536000000,N,Governments
Bond_35,CCC,90.31,2.58,Issuer_A,2029-07-18,USD,34.31,0.65,2.44,DE,202000000,Y,Corporates
Bond_36,B,99.67,0.82,Issuer_B,2029-05-05,JPY,50.37,0.55,0.19,US,767000000,Y,Corporates
Bond_37,CCC,104.86,2.41,Issuer_C,2033-10-08,JPY,39.12,0.01,0.62,DE,396000000,N,Corporates
Bond_38,AAA,109.46,4.47,Issuer_D,2031-09-26,JPY,23.37,0.25,0.17,JP,752000000,Y,Corporates
Bond_39,AAA,102.74,0.79,Issuer_C,2030-11-06,EUR,66.31,0.64,2.5,GB,645000000,Y,Corporates
Bond_40,BBB,94.22,3.85,Issuer_A,2025-10-25,GBP,73.27,0.79,4.02,FR,325000000,Y,Corporates
Bond_42,CCC,93.83,0.3,Issuer_A,2028-05-23,EUR,75.69,0.14,4.33,DE,965000000,Y,Corporates
Bond_44,BB,96.32,0.17,Issuer_B,2027-10-05,GBP,51.54,0.04,4.64,FR,578000000,Y,Corporates
Bond_45,B,102.6,1.19,Issuer_D,2026-01-03,JPY,49.82,0.43,0.77,JP,870000000,N,Governments
Bond_47,A,98.69,3.49,Issuer_A,2031-11-11,JPY,30.82,0.9,1.38,FR,357000000,Y,Corporates
Bond_48,AAA,106.62,0.15,Issuer_B,2035-10-28,EUR,11.06,0.73,0.98,GB,910000000,N,Governments
Bond_50,A,104.81,2.01,Issuer_A,2032-06-15,GBP,17.55,0.06,0.79,US,224000000,Y,Corporates
Bond_51,A,95.67,2.61,Issuer_B,2030-01-13,JPY,53.79,0.64,1.79,JP,258000000,Y,Corporates
Bond_52,A,105.89,1.1,Issuer_C,2030-07-16,USD,54.93,0.89,0.58,US,61000000,N,Corporates
Bond_54,AA,100.81,2.77,Issuer_B,2028-02-24,JPY,98.48,0.04,3.82,DE,106000000,N,Governments
Bond_55,A,95.82,4.08,Issuer_B,2031-09-16,USD,88.2,0.38,4.95,DE,254000000,Y,Corporates
Bond_56,AA,91.01,2.16,Issuer_C,2032-05-24,USD,10.54,0.51,2.48,GB,937000000,Y,Corporates
Bond_57,BBB,97.49,1.62,Issuer_B,2031-05-04,USD,73.0,0.07,3.02,FR,920000000,Y,Corporates
Bond_61,A,104.54,1.91,Issuer_D,2025-07-25,EUR,35.82,0.77,1.15,GB,529000000,Y,Corporates
Bond_64,B,106.37,3.32,Issuer_D,2035-09-27,GBP,43.78,0.35,3.18,JP,52000000,Y,Corporates
Bond_65,AA,95.01,0.33,Issuer_D,2034-12-21,EUR,71.77,0.95,0.04,US,142000000,Y,Corporates
Bond_66,A,109.49,4.28,Issuer_C,2033-02-16,JPY,92.98,0.49,4.23,FR,697000000,N,Governments
Bond_67,AAA,96.89,1.05,Issuer_C,2026-03-21,EUR,23.59,0.18,4.83,FR,734000000,Y,Corporates
Bond_68,AA,107.17,4.85,Issuer_D,2027-08-05,GBP,4.24,0.01,3.94,US,346000000,N,Corporates
Bond_70,CCC,102.01,2.68,Issuer_A,2028-11-15,GBP,85.62,0.63,1.68,DE,657000000,N,Governments
Bond_71,AA,102.54,3.52,Issuer_C,2035-11-22,USD,81.52,0.31,3.57,JP,178000000,N,Governments
Bond_72,AAA,107.65,4.13,Issuer_A,2033-08-09,GBP,40.36,0.68,2.9,DE,739000000,N,Governments
Bond_73,BB,92.93,4.79,Issuer_C,2029-04-09,JPY,83.24,0.11,2.61,GB,770000000,Y,Corporates
Bond_76,BB,99.45,1.07,Issuer_B,2025-02-26,EUR,48.16,0.6,0.01,DE,285000000,Y,Corporates
Bond_77,BBB,109.12,4.74,Issuer_B,2026-06-08,EUR,50.32,0.82,4.67,US,32000000,Y,Corporates
Bond_78,BBB,102.55,2.93,Issuer_B,2032-11-23,EUR,64.55,0.16,1.16,DE,170000000,Y,Corporates
Bond_79,CCC,108.46,0.17,Issuer_A,2033-11-16,EUR,99.49,0.75,2.64,FR,57000000,N,Governments
Bond_80,BB,90.09,0.72,Issuer_A,2030-06-04,EUR,15.07,0.91,0.16,DE,613000000,N,Corporates
Bond_81,B,92.34,4.11,Issuer_C,2033-07-06,GBP,56.36,0.62,1.42,US,241000000,Y,Corporates
Bond_82,CCC,105.58,1.13,Issuer_A,2027-07-02,EUR,25.44,0.08,3.26,JP,608000000,N,Corporates
Bond_83,CCC,93.6,4.62,Issuer_A,2035-04-13,EUR,36.63,0.43,0.63,DE,502000000,Y,Corporates
Bond_84,AAA,103.97,2.43,Issuer_D,2025-08-28,JPY,44.55,0.4,0.84,DE,104000000,N,Corporates
Bond_85,BBB,105.88,0.01,Issuer_A,2028-02-12,GBP,85.03,0.01,3.9,DE,203000000,Y,Corporates
Bond_86,BBB,100.16,0.26,Issuer_A,2025-01-24,EUR,24.6,0.57,2.98,GB,725000000,N,Governments
Bond_87,BB,99.29,0.21,Issuer_A,2026-08-12,JPY,75.6,0.97,1.98,FR,367000000,Y,Corporates
Bond_88,A,97.63,0.06,Issuer_A,2033-05-07,USD,14.53,0.39,3.74,FR,489000000,Y,Corporates
Bond_89,CCC,90.06,3.58,Issuer_D,2034-07-10,JPY,83.81,0.57,2.51,FR,260000000,N,Corporates
Bond_91,B,104.24,4.54,Issuer_C,2029-02-06,EUR,15.13,0.84,1.14,US,559000000,N,Corporates
Bond_92,BBB,96.21,2.71,Issuer_B,2035-07-14,JPY,26.25,0.87,2.35,DE,823000000,N,Corporates
Bond_93,B,94.21,4.93,Issuer_C,2033-04-01,USD,19.2,0.7,1.11,US,590000000,Y,Corporates
Bond_94,AA,98.83,2.76,Issuer_B,2029-01-26,GBP,51.87,0.26,1.85,JP,809000000,N,Governments
Bond_95,AA,108.62,1.9,Issuer_A,2031-12-07,JPY,86.91,0.76,3.36,JP,754000000,Y,Corporates
Bond_96,AAA,106.27,3.76,Issuer_D,2025-04-17,GBP,63.98,0.24,4.53,US,50000000,N,Governments
Bond_97,AAA,95.96,1.02,Issuer_D,2034-05-04,EUR,36.6,0.68,4.18,US,306000000,Y,Corporates
Bond_98,B,99.97,3.09,Issuer_D,2026-01-17,JPY,3.32,0.7,0.45,JP,112000000,N,Corporates
Bond_99,BBB,106.42,1.31,Issuer_C,2029-01-16,EUR,3.61,0.6,1.09,GB,451000000,N,Governments
Bond_101,AAA,108.55,3.99,Issuer_C,2034-12-14,JPY,92.06,0.28,2.42,JP,424000000,Y,Corporates
Bond_102,AAA,91.14,0.53,Issuer_C,2028-01-10,USD,7.34,0.36,4.06,FR,959000000,N,Governments
Bond_103,CCC,94.12,0.69,Issuer_D,2033-01-26,USD,64.54,0.2,1.58,JP,639000000,N,Governments
Bond_104,B,102.39,1.52,Issuer_C,2035-12-08,JPY,7.7,0.21,4.91,GB,210000000,Y,Corporates
Bond_107,A,103.18,4.75,Issuer_C,2029-02-03,GBP,48.18,0.71,2.72,FR,797000000,N,Corporates
Bond_108,BBB,105.72,0.19,Issuer_C,2025-05-10,JPY,10.03,0.55,2.19,GB,514000000,N,Corporates
Bond_109,BB,96.92,3.63,Issuer_B,2029-08-02,JPY,12.41,0.55,0.73,FR,447000000,Y,Corporates
Bond_110,BB,94.96,4.52,Issuer_B,2033-02-12,GBP,22.71,0.34,3.94,US,331000000,N,Governments
Bond_112,CCC,96.71,4.92,Issuer_A,2035-11-05,USD,59.02,0.4,0.74,FR,429000000,Y,Corporates
Bond_114,CCC,108.36,2.37,Issuer_B,2030-04-16,EUR,48.82,0.84,0.82,FR,870000000,Y,Corporates
Bond_115,B,106.71,3.28,Issuer_B,2033-10-08,USD,31.48,0.34,3.35,GB,682000000,Y,Corporates
Bond_116,BB,104.58,3.03,Issuer_A,2032-06-28,EUR,94.02,0.28,1.75,GB,215000000,Y,Corporates
Bond_117,AAA,90.43,1.09,Issuer_A,2026-03-22,USD,96.74,0.83,2.54,DE,713000000,N,Corporates
Bond_118,CCC,92.5,3.54,Issuer_C,2030-05-18,USD,12.51,0.93,3.44,GB,78000000,N,Governments
Bond_119,BB,102.19,3.95,Issuer_B,2030-01-17,EUR,63.0,0.99,2.07,US,511000000,Y,Corporates
Bond_120,B,103.53,3.73,Issuer_B,2029-11-10,GBP,21.11,0.23,0.74,FR,142000000,Y,Corporates
Bond_121,BB,105.84,3.63,Issuer_D,2034-06-05,GBP,16.87,0.77,2.53,FR,386000000,N,Governments
Bond_125,AA,95.94,2.05,Issuer_C,2034-03-12,USD,79.18,0.88,1.12,DE,276000000,N,Governments
Bond_127,CCC,102.49,1.15,Issuer_C,2031-04-01,USD,52.73,0.99,3.68,JP,214000000,N,Governments
Bond_128,AA,106.77,2.65,Issuer_C,2029-04-12,EUR,53.8,0.48,3.08,JP,530000000,Y,Corporates
Bond_129,CCC,106.2,3.62,Issuer_C,2033-10-26,USD,22.62,0.02,4.13,US,619000000,Y,Corporates
Bond_130,B,102.8,2.94,Issuer_B,2033-11-15,JPY,73.82,0.16,1.94,US,955000000,Y,Corporates
Bond_131,A,100.08,2.27,Issuer_A,2033-04-22,JPY,87.9,0.62,0.64,GB,441000000,N,Governments
Bond_133,B,91.11,4.76,Issuer_A,2034-05-25,USD,4.28,0.98,4.79,US,307000000,Y,Corporates
Bond_134,CCC,106.42,4.56,Issuer_A,2027-12-20,USD,14.72,0.64,0.32,DE,565000000,Y,Corporates
Bond_135,BB,100.95,1.16,Issuer_C,2032-05-21,GBP,82.66,0.75,4.52,JP,511000000,N,Governments
Bond_137,CCC,95.25,1.91,Issuer_C,2025-11-14,GBP,91.09,0.35,2.34,US,40000000,N,Governments
Bond_138,AAA,95.66,1.72,Issuer_C,2029-03-15,JPY,86.53,0.95,0.12,JP,582000000,N,Corporates
Bond_139,AAA,98.7,0.35,Issuer_A,2032-04-02,JPY,98.69,0.01,1.45,DE,942000000,Y,Corporates
Bond_140,A,93.99,3.6,Issuer_C,2032-06-22,EUR,77.62,0.88,3.09,US,19000000,N,Corporates
Bond_141,AA,107.02,2.39,Issuer_B,2029-05-24,GBP,80.49,0.28,3.71,DE,331000000,N,Corporates
Bond_142,CCC,99.5,4.7,Issuer_B,2025-07-20,USD,55.59,0.74,1.1,DE,231000000,Y,Corporates
Bond_143,BBB,100.93,4.23,Issuer_B,2033-03-08,JPY,3.11,0.05,3.77,FR,908000000,Y,Corporates
Bond_144,AA,97.9,3.95,Issuer_A,2029-03-20,GBP,26.15,0.74,0.54,GB,151000000,N,Governments
Bond_145,B,107.1,3.02,Issuer_C,2026-04-11,GBP,78.72,0.59,3.34,DE,54000000,Y,Corporates
Bond_146,AAA,96.12,1.72,Issuer_D,2034-01-08,USD,63.56,0.05,3.92,DE,311000000,N,Corporates
Bond_147,AAA,96.96,1.33,Issuer_C,2025-03-08,EUR,11.57,0.56,3.38,DE,688000000,Y,Corporates
Bond_148,AAA,102.3,4.43,Issuer_A,2028-08-07,GBP,32.26,0.29,0.93,GB,832000000,Y,Corporates
Bond_150,BB,93.15,4.96,Issuer_C,2032-09-28,GBP,33.03,0.16,0.6,DE,689000000,Y,Corporates
Bond_151,AAA,93.7,3.55,Issuer_D,2035-08-21,USD,64.9,0.46,3.01,JP,124000000,N,Corporates
Bond_152,B,106.03,3.09,Issuer_B,2030-07-16,USD,46.02,0.38,4.26,JP,396000000,N,Governments
Bond_154,BBB,98.68,4.53,Issuer_B,2028-07-05,EUR,38.18,0.27,4.68,JP,917000000,Y,Corporates
Bond_156,BB,106.12,1.31,Issuer_C,2028-04-02,USD,23.71,0.18,0.11,FR,290000000,N,Governments
Bond_158,A,94.88,0.88,Issuer_D,2029-12-06,EUR,20.57,0.58,2.81,GB,180000000,N,Governments
Bond_159,BBB,107.21,4.13,Issuer_D,2035-01-25,USD,72.99,0.96,2.74,GB,809000000,Y,Corporates
Bond_160,AAA,106.35,3.68,Issuer_C,2027-08-27,GBP,15.63,0.16,2.47,FR,864000000,Y,Corporates
Bond_161,A,104.39,1.32,Issuer_B,2026-01-16,GBP,77.45,0.35,4.01,GB,516000000,Y,Corporates
Bond_162,B,94.6,0.11,Issuer_A,2026-08-03,EUR,70.49,0.21,0.91,FR,696000000,Y,Corporates
Bond_163,AAA,106.64,2.75,Issuer_D,2028-08-16,JPY,41.65,0.13,3.01,DE,441000000,Y,Corporates
Bond_164,BBB,104.03,0.43,Issuer_B,2031-07-05,JPY,5.25,0.55,3.88,DE,727000000,Y,Corporates
Bond_165,AAA,105.74,1.88,Issuer_B,2029-02-10,JPY,27.61,0.9,3.12,FR,33000000,Y,Corporates
Bond_166,AAA,101.33,0.86,Issuer_C,2032-10-22,GBP,75.48,0.31,4.13,JP,816000000,Y,Corporates
Bond_167,AA,99.48,1.1,Issuer_B,2029-07-18,JPY,19.83,0.02,3.56,GB,444000000,Y,Corporates
Bond_168,B,103.3,4.65,Issuer_B,2032-11-28,GBP,67.02,0.17,3.2,GB,121000000,N,Governments
Bond_169,BB,103.98,1.77,Issuer_D,2033-05-04,EUR,63.75,0.77,4.25,DE,451000000,Y,Corporates
Bond_171,A,102.79,4.54,Issuer_C,2026-08-24,USD,72.04,0.55,0.89,DE,891000000,Y,Corporates
Bond_173,B,103.21,4.77,Issuer_A,2028-10-21,USD,62.39,0.96,3.76,DE,352000000,Y,Corporates
Bond_174,B,99.55,1.15,Issuer_B,2031-05-28,GBP,1.07,0.49,2.0,DE,745000000,Y,Corporates
Bond_175,AAA,90.08,3.13,Issuer_A,2033-06-14,EUR,2.93,0.18,2.23,DE,12000000,Y,Corporates
Bond_176,AAA,92.25,1.92,Issuer_C,2035-09-13,JPY,82.37,0.01,2.52,GB,866000000,Y,Corporates
Bond_178,A,101.02,4.72,Issuer_D,2034-08-02,JPY,39.49,0.55,3.5,DE,967000000,N,Governments
Bond_179,AA,97.56,0.55,Issuer_B,2034-05-01,JPY,62.24,0.2,0.7,FR,818000000,Y,Corporates
Bond_180,AA,96.34,1.33,Issuer_C,2026-07-17,EUR,73.91,0.47,1.7,JP,78000000,Y,Corporates
Bond_181,AAA,108.01,2.12,Issuer_A,2033-07-27,GBP,27.22,0.42,1.99,FR,390000000,Y,Corporates
Bond_182,B,108.22,0.6,Issuer_A,2026-04-23,GBP,0.36,0.2,1.85,DE,684000000,Y,Corporates
Bond_183,A,102.34,4.25,Issuer_B,2025-09-07,GBP,50.33,0.05,3.33,FR,717000000,Y,Corporates
Bond_184,BBB,109.11,0.11,Issuer_A,2031-02-12,GBP,91.18,0.66,4.29,GB,968000000,N,Corporates
Bond_185,AA,97.34,2.41,Issuer_A,2026-03-13,EUR,10.96,0.57,1.96,JP,779000000,Y,Corporates
Bond_186,AA,102.02,1.64,Issuer_C,2026-09-06,USD,61.81,0.67,2.0,GB,734000000,N,Governments
Bond_188,AA,96.74,1.52,Issuer_A,2034-05-05,JPY,4.18,0.36,0.73,FR,93000000,N,Governments
Bond_189,AAA,96.95,2.52,Issuer_A,2025-10-03,JPY,44.84,0.6,1.57,US,166000000,Y,Corporates
Bond_192,B,104.02,0.67,Issuer_D,2029-02-03,JPY,83.76,0.03,1.26,JP,942000000,N,Corporates
Bond_193,AAA,102.76,4.9,Issuer_D,2030-06-03,JPY,51.68,0.35,0.45,JP,716000000,N,Corporates
Bond_194,BB,91.89,1.99,Issuer_A,2027-05-21,GBP,76.53,0.92,3.06,DE,442000000,Y,Corporates
Bond_195,BB,108.3,4.61,Issuer_D,2035-01-24,USD,46.76,0.46,0.48,FR,166000000,N,Corporates
Bond_196,A,103.09,3.48,Issuer_A,2034-09-05,GBP,8.76,0.04,2.53,JP,836000000,Y,Corporates
Bond_197,A,108.15,3.36,Issuer_B,2025-01-15,JPY,50.14,0.2,1.47,GB,645000000,Y,Corporates
Bond_198,BB,96.53,0.18,Issuer_C,2031-12-13,GBP,16.32,0.75,3.02,JP,846000000,N,Governments
Bond_199,AA,90.85,4.96,Issuer_A,2026-02-18,GBP,95.78,0.54,2.36,US,950000000,N,Corporates
Bond_200,AA,108.35,1.2,Issuer_A,2026-10-09,JPY,96.22,0.1,3.48,JP,493000000,N,Governments
Bond_201,B,105.99,1.3,Issuer_C,2030-05-23,JPY,60.21,0.39,4.69,GB,323000000,Y,Corporates
Bond_202,B,90.79,0.88,Issuer_D,2025-06-05,EUR,19.63,0.77,0.23,US,209000000,Y,Corporates
Bond_203,A,108.7,2.23,Issuer_C,2025-08-08,GBP,46.5,0.7,2.2,JP,772000000,Y,Corporates
Bond_204,A,101.13,4.4,Issuer_D,2027-02-23,GBP,52.57,0.18,4.6,GB,259000000,Y,Corporates
Bond_205,AAA,101.91,1.5,Issuer_B,2029-08-19,JPY,57.37,0.27,1.3,JP,316000000,Y,Corporates
Bond_206,AA,103.63,1.85,Issuer_C,2028-08-27,GBP,28.41,0.54,4.16,JP,854000000,Y,Corporates
Bond_207,BBB,100.0,4.83,Issuer_A,2026-12-12,USD,23.4,0.37,1.36,DE,586000000,Y,Corporates
Bond_208,CCC,102.0,4.49,Issuer_A,2027-11-27,USD,65.32,0.94,0.55,JP,563000000,Y,Corporates
Bond_209,AA,108.0,0.26,Issuer_C,2030-10-23,JPY,67.95,0.84,0.01,JP,455000000,N,Governments
Bond_210,B,99.94,1.65,Issuer_A,2035-08-18,EUR,75.22,0.72,1.97,FR,325000000,Y,Corporates
Bond_211,CCC,90.99,0.43,Issuer_C,2025-03-10,JPY,17.5,0.29,2.54,GB,282000000,Y,Corporates
Bond_212,B,97.74,1.65,Issuer_B,2032-07-05,EUR,70.56,0.34,2.54,DE,478000000,Y,Corporates
Bond_213,AAA,101.91,0.29,Issuer_D,2031-10-21,GBP,94.32,0.98,3.31,DE,153000000,N,Governments
Bond_214,BB,101.54,3.17,Issuer_B,2033-12-24,GBP,58.44,0.53,4.28,GB,154000000,Y,Corporates
Bond_215,BB,105.78,0.96,Issuer_B,2035-12-12,GBP,11.67,0.04,2.84,FR,726000000,Y,Corporates
Bond_216,A,100.83,4.99,Issuer_A,2031-02-18,EUR,35.96,0.41,1.9,FR,105000000,Y,Corporates
Bond_217,AA,93.81,1.75,Issuer_B,2027-07-23,USD,33.11,0.4,3.45,GB,896000000,N,Corporates
Bond_219,A,103.26,1.69,Issuer_C,2027-05-28,EUR,87.93,0.74,4.79,FR,852000000,Y,Corporates
Bond_221,CCC,98.99,3.26,Issuer_B,2034-07-13,JPY,47.28,0.73,2.92,US,192000000,Y,Corporates
Bond_222,BBB,92.72,3.93,Issuer_C,2031-03-23,EUR,23.64,0.05,2.83,US,206000000,N,Governments
Bond_223,BBB,96.34,1.83,Issuer_B,2029-08-20,EUR,82.0,0.12,3.83,FR,736000000,Y,Corporates
Bond_226,BB,94.74,4.19,Issuer_B,2028-06-12,USD,85.8,0.1,2.44,JP,748000000,N,Corporates
Bond_227,AAA,105.09,4.57,Issuer_A,2026-10-08,USD,1.71,0.16,0.18,JP,839000000,N,Governments
Bond_228,BBB,100.22,2.87,Issuer_C,2027-07-21,JPY,66.93,0.37,1.82,GB,87000000,Y,Corporates
Bond_230,BB,109.41,3.01,Issuer_D,2031-07-20,JPY,31.22,0.8,4.81,US,275000000,N,Governments
Bond_231,A,101.93,0.52,Issuer_C,2028-09-22,EUR,12.26,0.29,1.45,JP,866000000,Y,Corporates
Bond_232,BB,97.76,2.97,Issuer_A,2025-10-18,EUR,56.09,0.55,1.51,US,766000000,N,Governments
Bond_233,CCC,105.83,1.12,Issuer_C,2034-01-08,GBP,56.5,0.19,3.0,US,232000000,Y,Corporates
Bond_234,BB,104.12,0.61,Issuer_A,2029-12-09,GBP,29.93,0.66,4.33,US,748000000,N,Governments
Bond_235,BB,105.8,2.71,Issuer_D,2027-03-08,JPY,94.03,0.9,1.04,GB,863000000,Y,Corporates
Bond_236,AAA,106.55,0.88,Issuer_C,2033-04-28,USD,48.42,0.25,2.71,GB,328000000,N,Governments
Bond_237,AA,98.09,2.97,Issuer_C,2029-08-26,USD,70.74,0.6,2.0,US,78000000,N,Governments
Bond_238,A,100.31,0.43,Issuer_A,2025-03-24,JPY,87.82,0.91,2.78,FR,207000000,Y,Corporates
Bond_239,A,103.13,4.36,Issuer_B,2026-05-02,EUR,18.45,0.36,4.79,JP,274000000,Y,Corporates
Bond_240,AAA,96.15,3.52,Issuer_C,2025-10-26,EUR,76.12,0.24,2.71,JP,11000000,Y,Corporates
Bond_241,B,109.88,4.18,Issuer_B,2027-03-18,USD,14.08,0.64,2.5,FR,564000000,Y,Corporates
Bond_242,B,109.52,1.5,Issuer_A,2029-08-08,USD,11.35,0.23,4.55,JP,324000000,Y,Corporates
Bond_243,AA,92.67,2.06,Issuer_B,2025-03-04,EUR,31.94,0.76,2.68,DE,779000000,Y,Corporates
Bond_244,AAA,97.61,2.38,Issuer_C,2026-08-23,GBP,53.15,0.96,1.25,GB,473000000,Y,Corporates
Bond_245,AAA,107.03,4.34,Issuer_B,2029-09-25,EUR,45.07,0.87,4.08,DE,750000000,Y,Corporates
Bond_246,AAA,90.85,0.28,Issuer_C,2026-02-13,EUR,53.39,0.14,4.16,DE,436000000,Y,Corporates
Bond_247,B,94.2,3.54,Issuer_C,2025-04-17,EUR,5.49,0.56,0.64,DE,803000000,Y,Corporates
Bond_248,AAA,96.0,2.04,Issuer_D,2027-09-08,EUR,55.3,0.04,2.91,US,272000000,N,Corporates
Bond_250,A,96.61,4.43,Issuer_C,2035-06-02,JPY,96.9,0.58,2.54,JP,212000000,Y,Corporates
Bond_251,A,100.35,4.01,Issuer_D,2025-11-11,USD,80.38,0.52,2.97,US,294000000,Y,Corporates
Bond_253,CCC,101.13,2.9,Issuer_D,2029-02-15,JPY,1.63,0.92,0.26,FR,108000000,N,Corporates
Bond_254,CCC,106.93,3.57,Issuer_A,2031-01-11,GBP,9.31,1.0,0.94,GB,631000000,Y,Corporates
Bond_255,AAA,96.83,4.95,Issuer_C,2026-06-07,JPY,67.02,0.82,3.8,DE,620000000,Y,Corporates
Bond_256,B,109.01,1.09,Issuer_C,2035-05-09,EUR,13.43,0.84,3.18,JP,617000000,N,Corporates
Bond_258,CCC,95.49,2.74,Issuer_D,2032-05-22,JPY,12.02,0.26,2.88,US,732000000,N,Governments
Bond_259,AA,97.81,1.34,Issuer_A,2031-06-16,EUR,80.99,0.38,0.29,DE,102000000,N,Corporates
Bond_261,AA,107.49,3.89,Issuer_D,2028-01-06,JPY,61.05,0.71,3.19,DE,11000000,Y,Corporates
Bond_262,BB,99.62,0.33,Issuer_B,2035-04-17,USD,13.21,0.31,1.25,US,232000000,N,Governments
Bond_263,AAA,95.24,3.19,Issuer_A,2027-11-06,EUR,7.58,0.61,0.84,GB,99000000,Y,Corporates
Bond_264,BBB,98.74,3.37,Issuer_A,2025-04-27,GBP,68.09,0.25,4.69,JP,295000000,Y,Corporates
Bond_265,AA,105.12,1.83,Issuer_D,2032-08-09,GBP,53.64,0.15,2.98,FR,344000000,Y,Corporates
Bond_267,AAA,105.91,4.36,Issuer_C,2033-09-14,GBP,57.46,0.52,2.55,US,947000000,N,Governments
Bond_268,CCC,91.06,3.95,Issuer_C,2035-03-16,JPY,55.02,0.89,4.56,FR,25000000,Y,Corporates
Bond_269,AA,98.46,4.0,Issuer_D,2034-11-05,JPY,94.52,0.3,0.89,US,948000000,Y,Corporates
Bond_270,B,95.19,2.69,Issuer_B,2034-04-05,GBP,57.7,0.49,4.22,GB,453000000,Y,Corporates
Bond_271,CCC,91.62,2.92,Issuer_A,2034-03-01,GBP,14.8,0.2,0.97,GB,639000000,N,Governments
Bond_272,B,99.8,1.64,Issuer_B,2033-12-11,USD,89.99,0.53,4.48,JP,10000000,Y,Corporates
Bond_273,AA,92.89,1.39,Issuer_B,2030-04-25,JPY,88.79,0.39,1.85,GB,814000000,Y,Corporates
Bond_274,B,93.19,1.99,Issuer_D,2028-10-02,USD,23.74,0.49,4.45,DE,60000000,N,Governments
Bond_275,BBB,92.13,1.23,Issuer_D,2034-09-25,USD,61.09,0.29,3.38,GB,485000000,Y,Corporates
Bond_277,B,93.66,2.33,Issuer_D,2032-03-01,EUR,61.18,0.44,3.56,US,865000000,Y,Corporates
Bond_281,BB,94.98,4.9,Issuer_B,2026-06-08,JPY,87.93,0.83,3.21,FR,330000000,Y,Corporates
Bond_283,B,103.73,2.72,Issuer_C,2034-01-14,EUR,4.9,0.73,1.37,DE,798000000,N,Corporates
Bond_284,A,97.11,1.57,Issuer_A,2027-03-24,JPY,11.91,0.43,0.25,US,205000000,Y,Corporates
Bond_285,A,105.44,0.54,Issuer_B,2033-02-12,JPY,16.25,0.61,0.78,US,680000000,Y,Corporates
Bond_286,BBB,107.04,1.23,Issuer_A,2031-09-01,USD,78.86,0.98,4.38,JP,12000000,N,Governments
Bond_287,A,93.74,4.34,Issuer_C,2032-02-06,GBP,81.77,0.75,2.02,GB,220000000,Y,Corporates
Bond_288,CCC,99.62,1.12,Issuer_D,2034-11-26,USD,31.14,0.63,4.22,GB,803000000,Y,Corporates
Bond_289,BB,93.31,2.65,Issuer_B,2034-03-05,USD,64.44,0.4,4.26,FR,212000000,Y,Corporates
Bond_290,BBB,105.1,2.07,Issuer_D,2026-10-25,JPY,30.02,0.61,1.14,JP,634000000,Y,Corporates
Bond_291,BBB,105.03,0.64,Issuer_B,2027-11-23,USD,91.73,0.44,3.16,JP,573000000,Y,Corporates
Bond_292,AA,97.48,3.64,Issuer_D,2025-05-12,EUR,7.37,0.6,4.24,DE,538000000,N,Governments
Bond_293,CCC,106.63,2.69,Issuer_C,2033-05-16,USD,74.45,0.53,3.07,US,209000000,N,Governments
Bond_294,BBB,90.67,4.76,Issuer_B,2025-04-03,GBP,61.14,0.18,2.7,JP,520000000,Y,Corporates
Bond_295,B,99.01,1.67,Issuer_A,2034-02-16,EUR,80.27,0.69,1.46,US,360000000,Y,Corporates
Bond_296,A,92.86,4.37,Issuer_C,2028-04-09,GBP,1.81,0.19,3.55,GB,576000000,N,Corporates
Bond_297,AA,109.72,2.18,Issuer_D,2026-03-20,JPY,23.3,0.65,3.84,DE,125000000,N,Governments
Bond_298,B,96.65,2.47,Issuer_D,2031-05-16,USD,57.81,0.27,4.56,GB,126000000,Y,Corporates
Bond_299,CCC,108.5,4.62,Issuer_D,2031-12-21,USD,55.4,0.67,1.41,JP,761000000,N,Governments
Bond_300,CCC,93.39,3.02,Issuer_B,2030-07-28,JPY,27.63,0.66,0.58,FR,136000000,Y,Corporates
Bond_301,BB,108.42,2.63,Issuer_C,2034-07-04,USD,94.81,0.14,3.76,JP,254000000,N,Governments
Bond_302,B,104.28,3.25,Issuer_D,2026-03-14,USD,80.53,0.41,0.28,US,741000000,N,Corporates
Bond_303,BB,109.9,2.63,Issuer_D,2028-11-10,GBP,20.54,0.77,2.6,US,350000000,Y,Corporates
Bond_304,B,102.33,1.49,Issuer_C,2034-02-24,JPY,31.37,0.18,1.88,DE,661000000,Y,Corporates
Bond_305,B,108.09,0.38,Issuer_B,2025-01-23,GBP,64.13,0.28,3.87,JP,780000000,N,Corporates
Bond_306,AA,92.56,1.74,Issuer_D,2032-05-28,JPY,44.5,0.6,3.31,US,491000000,Y,Corporates
Bond_307,AA,98.9,2.4,Issuer_C,2034-02-23,EUR,47.75,0.08,1.92,JP,281000000,Y,Corporates
Bond_309,AAA,98.61,4.14,Issuer_C,2025-03-05,GBP,35.93,0.33,2.45,US,19000000,N,Corporates
Bond_310,A,93.94,2.14,Issuer_B,2027-03-17,GBP,18.31,0.08,3.6,DE,449000000,N,Corporates
Bond_311,BB,100.81,4.32,Issuer_C,2030-03-16,USD,65.82,0.13,3.26,GB,413000000,N,Governments
Bond_312,AAA,97.02,2.68,Issuer_A,2025-08-06,USD,89.15,0.37,4.16,DE,75000000,Y,Corporates
Bond_313,AAA,101.21,4.1,Issuer_C,2029-08-12,GBP,97.09,0.36,4.31,JP,362000000,Y,Corporates
Bond_315,AAA,92.16,2.36,Issuer_D,2034-06-26,GBP,69.68,0.04,4.16,JP,793000000,Y,Corporates
Bond_316,AAA,104.32,2.77,Issuer_A,2025-01-16,JPY,70.08,0.96,2.93,DE,508000000,N,Corporates
Bond_317,A,102.57,0.69,Issuer_B,2033-11-06,EUR,93.63,0.84,4.14,FR,694000000,Y,Corporates
Bond_318,BB,104.15,4.68,Issuer_B,2033-11-21,EUR,2.85,0.64,1.72,GB,516000000,N,Governments
Bond_319,A,105.95,1.72,Issuer_A,2028-12-04,EUR,93.91,0.17,0.48,DE,778000000,Y,Corporates
Bond_320,AAA,109.02,2.21,Issuer_C,2033-12-27,EUR,63.91,0.6,0.09,DE,971000000,N,Corporates
Bond_321,BB,102.47,3.11,Issuer_A,2032-08-18,GBP,64.67,0.12,1.61,US,616000000,Y,Corporates
Bond_322,AA,98.83,2.25,Issuer_A,2033-12-18,GBP,50.77,0.59,4.92,GB,72000000,Y,Corporates
Bond_323,CCC,102.9,1.16,Issuer_B,2030-01-01,EUR,1.97,0.05,4.61,DE,329000000,Y,Corporates
Bond_324,A,99.46,4.73,Issuer_A,2031-08-02,GBP,5.39,0.05,2.87,JP,222000000,Y,Corporates
Bond_325,B,99.6,0.98,Issuer_A,2032-07-19,JPY,0.23,0.94,0.77,GB,418000000,Y,Corporates
Bond_326,CCC,99.98,4.49,Issuer_A,2035-03-09,USD,91.9,0.45,1.72,FR,43000000,N,Governments
Bond_327,BB,101.32,1.42,Issuer_B,2031-07-13,GBP,29.12,0.63,1.18,FR,91000000,Y,Corporates
Bond_329,AA,97.22,4.87,Issuer_C,2025-01-25,JPY,94.81,0.36,4.97,JP,988000000,N,Governments
Bond_330,AA,96.44,1.52,Issuer_B,2032-06-16,EUR,91.55,0.56,3.32,FR,367000000,Y,Corporates
Bond_332,B,100.91,1.5,Issuer_A,2029-01-03,GBP,25.26,0.72,2.48,US,878000000,N,Governments
Bond_333,A,106.19,4.72,Issuer_C,2025-07-10,GBP,36.57,0.29,2.92,FR,897000000,N,Corporates
Bond_334,AA,102.99,1.44,Issuer_A,2035-11-05,GBP,15.68,0.65,3.01,GB,110000000,N,Corporates
Bond_335,BB,106.8,1.49,Issuer_B,2025-06-17,JPY,32.87,0.03,4.02,DE,685000000,N,Corporates
Bond_336,BBB,102.62,3.29,Issuer_D,2026-10-10,USD,59.13,0.81,2.2,FR,470000000,N,Corporates
Bond_337,CCC,102.38,5.0,Issuer_C,2035-10-25,USD,30.58,0.63,0.75,US,767000000,Y,Corporates
Bond_338,AAA,107.93,1.18,Issuer_C,2027-08-01,USD,82.61,0.06,4.08,GB,613000000,Y,Corporates
Bond_339,AA,98.73,1.7,Issuer_A,2029-10-12,EUR,2.65,0.41,0.05,JP,302000000,Y,Corporates
Bond_340,CCC,92.97,3.95,Issuer_C,2026-03-15,USD,95.04,0.35,0.94,JP,368000000,Y,Corporates
Bond_342,BB,93.03,1.12,Issuer_D,2035-05-09,EUR,8.01,0.18,1.29,JP,527000000,Y,Corporates
Bond_344,B,96.56,0.48,Issuer_D,2031-08-10,USD,26.57,0.09,2.55,US,235000000,N,Corporates
Bond_345,AA,100.14,4.48,Issuer_B,2028-04-28,USD,44.86,0.56,3.09,JP,534000000,Y,Corporates
Bond_346,B,100.06,2.52,Issuer_B,2025-08-10,GBP,24.82,0.32,2.58,DE,459000000,N,Corporates
Bond_347,BBB,109.8,3.63,Issuer_B,2030-07-15,USD,4.46,0.58,3.98,DE,359000000,Y,Corporates
Bond_348,BBB,101.6,0.15,Issuer_A,2035-11-11,GBP,86.69,0.16,3.83,FR,957000000,N,Corporates
Bond_350,CCC,109.89,0.4,Issuer_B,2034-08-27,JPY,41.04,0.01,4.08,FR,482000000,Y,Corporates
Bond_351,CCC,91.64,4.57,Issuer_D,2033-03-01,EUR,21.09,0.96,4.62,FR,409000000,N,Governments
Bond_352,BB,100.87,2.11,Issuer_A,2034-09-03,GBP,31.55,0.43,3.46,DE,440000000,N,Corporates
Bond_353,B,101.98,2.32,Issuer_C,2028-07-20,USD,39.4,0.18,3.51,JP,496000000,Y,Corporates
Bond_354,A,105.43,0.83,Issuer_D,2035-11-01,GBP,33.86,0.15,1.25,JP,156000000,Y,Corporates
Bond_355,AAA,105.78,0.2,Issuer_C,2026-07-08,JPY,18.78,0.22,2.07,JP,819000000,Y,Corporates
Bond_358,AAA,94.76,0.53,Issuer_D,2031-06-27,USD,43.47,0.23,2.62,FR,24000000,Y,Corporates
Bond_359,BBB,104.68,3.95,Issuer_D,2035-09-02,USD,74.32,0.19,2.47,DE,857000000,Y,Corporates
Bond_360,A,92.47,3.18,Issuer_D,2032-03-16,JPY,61.57,0.25,3.02,US,549000000,Y,Corporates
Bond_361,AA,98.44,4.42,Issuer_B,2028-02-14,EUR,15.3,0.18,1.93,JP,988000000,N,Governments
Bond_362,AAA,106.25,1.53,Issuer_D,2032-08-25,USD,5.72,0.23,2.17,GB,803000000,N,Governments
Bond_363,BBB,91.64,3.16,Issuer_B,2025-10-24,JPY,37.35,0.25,3.19,JP,642000000,Y,Corporates
Bond_364,B,95.99,1.71,Issuer_B,2030-02-02,EUR,80.14,0.49,1.94,US,700000000,Y,Corporates
Bond_365,AAA,104.86,1.36,Issuer_C,2033-03-11,JPY,6.94,0.82,3.27,FR,37000000,Y,Corporates
Bond_366,B,99.11,2.91,Issuer_B,2028-01-17,JPY,40.3,0.68,4.26,DE,584000000,Y,Corporates
Bond_368,B,92.38,2.89,Issuer_D,2034-06-15,USD,66.71,0.94,3.73,FR,44000000,Y,Corporates
Bond_369,CCC,91.64,1.77,Issuer_D,2027-06-10,JPY,56.93,0.75,4.6,DE,308000000,Y,Corporates
Bond_370,AA,101.3,3.94,Issuer_A,2029-07-12,JPY,68.99,0.38,2.49,FR,206000000,N,Corporates
Bond_372,BBB,104.73,2.16,Issuer_B,2030-06-11,GBP,16.0,0.88,0.21,GB,846000000,Y,Corporates
Bond_373,AA,101.95,3.9,Issuer_B,2032-01-19,USD,35.96,0.85,2.74,GB,811000000,Y,Corporates
Bond_374,BB,103.17,1.19,Issuer_C,2035-01-25,JPY,95.38,0.71,1.8,JP,581000000,N,Governments
Bond_375,AA,94.76,1.92,Issuer_B,2034-05-12,USD,35.18,0.18,1.24,FR,231000000,N,Governments
Bond_376,BB,97.53,2.66,Issuer_D,2034-06-16,GBP,70.84,0.29,4.06,GB,77000000,Y,Corporates
Bond_377,CCC,102.45,0.92,Issuer_C,2034-07-02,USD,4.1,0.35,2.58,JP,634000000,N,Corporates
Bond_378,B,93.31,0.25,Issuer_D,2031-04-15,USD,79.25,0.01,4.41,JP,899000000,N,Corporates
Bond_379,CCC,97.05,1.63,Issuer_C,2029-03-09,EUR,96.68,0.37,2.38,FR,791000000,Y,Corporates
Bond_380,BB,106.1,4.23,Issuer_C,2025-03-28,USD,37.38,0.92,4.13,JP,371000000,N,Corporates
Bond_381,AA,98.67,2.89,Issuer_A,2035-08-27,JPY,58.87,0.35,2.53,US,273000000,Y,Corporates
Bond_382,A,90.02,2.63,Issuer_B,2035-03-21,EUR,44.01,0.15,3.28,US,343000000,Y,Corporates
Bond_383,AA,103.3,4.09,Issuer_B,2027-03-27,JPY,61.0,0.8,1.55,JP,44000000,Y,Corporates
Bond_385,CCC,102.99,1.52,Issuer_C,2035-11-15,EUR,60.89,0.84,3.5,GB,54000000,Y,Corporates
Bond_386,BBB,100.37,3.5,Issuer_A,2035-10-17,USD,2.38,0.3,1.21,US,42000000,Y,Corporates
Bond_387,AA,95.08,2.59,Issuer_D,2031-10-03,USD,16.52,0.75,4.1,US,106000000,Y,Corporates
Bond_388,AAA,100.68,4.4,Issuer_A,2030-10-01,JPY,99.23,0.89,2.74,GB,906000000,Y,Corporates
Bond_389,A,99.79,4.28,Issuer_D,2026-09-02,EUR,73.7,0.78,1.34,FR,860000000,N,Governments
Bond_390,AAA,91.13,3.25,Issuer_C,2028-02-24,GBP,81.98,0.83,2.04,JP,634000000,N,Corporates
Bond_391,B,94.4,0.36,Issuer_A,2025-05-12,USD,86.15,0.13,4.07,GB,306000000,N,Governments
Bond_392,A,100.05,4.98,Issuer_C,2031-08-23,EUR,92.33,0.23,2.02,DE,905000000,Y,Corporates
Bond_393,CCC,92.14,1.81,Issuer_A,2034-03-13,JPY,18.17,0.44,1.21,DE,979000000,N,Corporates
Bond_394,BB,104.51,3.86,Issuer_B,2029-02-17,GBP,73.05,0.62,2.43,JP,735000000,N,Governments
Bond_396,CCC,90.75,3.48,Issuer_D,2032-01-08,EUR,55.36,0.62,2.01,JP,851000000,Y,Corporates
Bond_397,CCC,108.04,2.46,Issuer_C,2033-10-16,USD,87.37,0.27,2.78,GB,589000000,Y,Corporates
Bond_398,CCC,98.0,3.32,Issuer_A,2032-04-04,JPY,85.11,0.7,1.53,GB,141000000,N,Governments
Bond_399,BBB,90.57,2.03,Issuer_B,2033-09-22,GBP,80.28,0.31,4.6,FR,432000000,N,Governments
Bond_400,AA,109.51,2.04,Issuer_C,2034-06-11,USD,47.62,0.99,0.9,US,760000000,N,Governments
Bond_401,BB,97.98,4.2,Issuer_D,2025-11-20,GBP,30.81,0.4,4.63,DE,359000000,Y,Corporates
Bond_403,AAA,91.98,2.93,Issuer_A,2032-11-14,JPY,16.06,0.58,1.19,US,781000000,Y,Corporates
Bond_404,BB,97.01,4.59,Issuer_A,2031-06-25,EUR,7.7,0.03,1.25,JP,695000000,Y,Corporates
Bond_405,CCC,101.64,1.94,Issuer_C,2031-12-11,USD,90.04,0.72,4.85,US,359000000,N,Corporates
Bond_407,AAA,99.88,1.01,Issuer_A,2030-02-27,USD,17.12,0.61,4.36,GB,736000000,Y,Corporates
Bond_408,AA,108.16,1.25,Issuer_D,2035-06-21,USD,44.98,0.48,0.16,JP,410000000,Y,Corporates
Bond_409,AA,92.49,1.06,Issuer_A,2032-09-21,GBP,7.28,0.21,3.07,FR,935000000,Y,Corporates
Bond_410,AA,98.08,1.09,Issuer_A,2030-08-20,EUR,84.98,0.89,4.4,GB,519000000,N,Governments
Bond_411,BB,92.9,4.78,Issuer_C,2031-01-06,EUR,24.07,0.1,2.85,FR,559000000,Y,Corporates
Bond_412,BB,103.18,1.35,Issuer_D,2032-10-18,USD,98.23,0.52,4.62,GB,679000000,N,Governments
Bond_413,A,106.79,2.14,Issuer_C,2028-08-10,JPY,68.86,0.26,3.58,DE,420000000,Y,Corporates
Bond_414,B,96.8,2.14,Issuer_B,2026-03-15,JPY,96.89,0.42,3.21,FR,573000000,Y,Corporates
Bond_415,AA,94.88,2.31,Issuer_B,2029-09-27,USD,25.99,0.61,0.27,DE,697000000,Y,Corporates
Bond_417,CCC,100.68,3.67,Issuer_D,2035-10-26,EUR,27.29,0.41,3.5,GB,327000000,Y,Corporates
Bond_418,B,107.48,0.21,Issuer_D,2026-10-20,GBP,59.03,0.81,1.71,JP,345000000,Y,Corporates
Bond_419,BBB,103.71,4.36,Issuer_D,2030-07-24,USD,23.45,0.37,3.88,FR,977000000,Y,Corporates
Bond_420,CCC,96.32,3.73,Issuer_D,2027-09-26,EUR,8.92,0.52,4.46,DE,921000000,Y,Corporates
Bond_421,A,92.81,3.37,Issuer_C,2028-03-06,USD,85.12,0.78,2.38,DE,367000000,Y,Corporates
Bond_422,BBB,102.77,1.48,Issuer_D,2029-01-24,GBP,43.28,0.21,1.17,DE,676000000,Y,Corporates
Bond_423,BBB,95.44,1.98,Issuer_D,2025-11-16,USD,72.15,0.2,2.42,FR,138000000,Y,Corporates
Bond_424,BB,102.82,2.57,Issuer_B,2032-10-15,USD,15.93,0.28,4.41,FR,365000000,Y,Corporates
Bond_425,BB,101.03,0.49,Issuer_A,2035-09-07,USD,19.6,0.05,2.82,GB,769000000,Y,Corporates
Bond_426,BB,96.09,0.5,Issuer_D,2035-07-06,USD,21.51,0.54,3.96,GB,210000000,N,Governments
Bond_427,A,95.98,1.77,Issuer_B,2030-10-17,EUR,15.34,0.79,0.49,FR,296000000,Y,Corporates
Bond_428,B,105.79,4.92,Issuer_A,2029-07-08,USD,16.86,0.18,3.51,DE,337000000,Y,Corporates
Bond_429,CCC,93.37,1.57,Issuer_B,2026-02-12,JPY,21.54,0.96,4.08,US,185000000,N,Governments
Bond_430,BBB,101.56,2.11,Issuer_D,2025-03-28,GBP,66.78,0.18,2.76,DE,493000000,Y,Corporates
Bond_431,B,104.15,1.43,Issuer_B,2032-04-23,EUR,62.46,0.8,0.67,DE,930000000,Y,Corporates
Bond_432,B,106.87,2.21,Issuer_B,2034-01-04,USD,6.99,0.39,1.87,GB,571000000,N,Corporates
Bond_433,BB,92.85,3.09,Issuer_D,2028-01-03,JPY,86.19,0.31,1.75,GB,217000000,Y,Corporates
Bond_434,B,98.76,4.91,Issuer_D,2029-09-28,USD,96.41,0.52,3.15,FR,152000000,N,Governments
Bond_435,BB,96.44,0.05,Issuer_D,2033-04-22,EUR,92.64,0.58,1.36,JP,889000000,N,Governments
Bond_437,CCC,103.88,3.98,Issuer_B,2032-01-08,EUR,100.0,0.9,1.22,JP,149000000,Y,Corporates
Bond_438,B,93.99,1.63,Issuer_B,2028-11-25,EUR,24.61,0.2,0.35,FR,375000000,N,Governments
Bond_439,CCC,95.45,1.55,Issuer_A,2033-04-14,JPY,84.17,0.21,3.98,US,503000000,Y,Corporates
Bond_441,AA,102.91,0.48,Issuer_D,2026-12-17,USD,86.22,0.12,2.81,DE,986000000,Y,Corporates
Bond_442,A,104.67,1.71,Issuer_A,2029-08-25,USD,98.0,0.38,4.31,US,587000000,Y,Corporates
Bond_443,A,105.79,2.48,Issuer_C,2028-02-21,JPY,76.63,0.49,2.26,US,450000000,N,Governments
Bond_445,AAA,103.0,0.79,Issuer_A,2031-04-08,USD,92.8,0.84,4.46,GB,234000000,Y,Corporates
Bond_446,B,99.71,1.98,Issuer_B,2026-01-19,USD,59.43,0.99,2.86,GB,552000000,N,Corporates
Bond_447,A,90.63,0.8,Issuer_B,2025-09-12,EUR,68.08,0.19,2.46,JP,176000000,N,Corporates
Bond_448,BBB,90.63,4.73,Issuer_C,2030-09-18,EUR,49.27,0.36,0.95,DE,392000000,N,Governments
Bond_449,BB,106.55,3.72,Issuer_D,2034-06-08,EUR,38.06,0.12,4.56,DE,977000000,Y,Corporates
Bond_450,AAA,109.57,4.37,Issuer_D,2029-10-15,EUR,63.62,0.21,0.83,GB,236000000,Y,Corporates
Bond_452,CCC,102.62,1.0,Issuer_C,2030-02-18,EUR,70.91,0.91,2.67,GB,825000000,N,Corporates
Bond_453,B,92.26,0.38,Issuer_C,2029-06-05,EUR,45.88,0.91,4.23,DE,647000000,Y,Corporates
Bond_454,BB,98.27,3.3,Issuer_A,2033-08-06,EUR,89.04,0.53,2.49,FR,259000000,N,Governments
Bond_456,BBB,95.19,3.09,Issuer_D,2026-01-03,EUR,27.11,0.36,3.92,FR,50000000,Y,Corporates
Bond_458,AAA,101.99,0.74,Issuer_B,2027-02-28,GBP,74.53,0.1,0.88,DE,642000000,N,Governments
Bond_459,BBB,101.64,2.48,Issuer_C,2029-04-18,EUR,85.62,0.31,0.22,DE,934000000,Y,Corporates
Bond_460,CCC,97.04,2.95,Issuer_B,2026-09-16,EUR,79.59,0.18,1.34,GB,92000000,Y,Corporates
Bond_461,B,97.97,4.03,Issuer_C,2029-12-20,USD,82.66,0.59,4.14,FR,385000000,Y,Corporates
Bond_463,BB,95.88,2.22,Issuer_C,2027-06-23,JPY,39.61,0.8,4.83,US,224000000,Y,Corporates
Bond_464,AA,99.97,0.55,Issuer_D,2026-12-28,JPY,91.25,0.66,0.89,FR,14000000,N,Corporates
Bond_465,BB,95.97,3.95,Issuer_A,2029-05-24,GBP,50.21,0.5,4.56,FR,571000000,N,Corporates
Bond_466,AAA,91.94,3.58,Issuer_C,2032-06-09,JPY,32.71,0.16,0.19,JP,61000000,N,Corporates
Bond_467,BBB,101.66,3.86,Issuer_C,2029-05-22,JPY,59.18,0.34,1.65,FR,150000000,N,Corporates
Bond_468,B,103.17,2.46,Issuer_A,2034-08-22,EUR,32.94,1.0,4.13,GB,498000000,Y,Corporates
Bond_469,B,90.89,4.13,Issuer_A,2034-03-14,GBP,34.35,0.61,1.9,FR,223000000,N,Governments
Bond_471,AAA,97.64,2.56,Issuer_C,2030-02-01,GBP,39.42,0.96,0.68,GB,142000000,N,Corporates
Bond_472,A,98.72,3.89,Issuer_C,2035-12-04,USD,60.95,0.9,0.71,JP,939000000,Y,Corporates
Bond_473,A,105.2,3.95,Issuer_D,2034-02-03,USD,85.94,0.78,4.79,FR,19000000,N,Governments
Bond_474,B,98.96,2.21,Issuer_D,2030-06-01,JPY,17.29,0.66,4.25,GB,438000000,Y,Corporates
Bond_476,BB,109.84,2.87,Issuer_D,2032-01-08,EUR,22.28,0.44,1.84,GB,371000000,Y,Corporates
Bond_477,B,98.93,4.04,Issuer_A,2026-06-08,GBP,81.93,0.26,4.01,US,603000000,Y,Corporates
Bond_482,AA,106.34,3.63,Issuer_D,2027-09-14,EUR,70.43,0.82,0.44,US,116000000,Y,Corporates
Bond_483,BBB,97.02,1.04,Issuer_C,2028-10-21,USD,92.83,0.13,4.54,US,199000000,Y,Corporates
Bond_485,B,100.61,4.4,Issuer_B,2032-02-24,EUR,12.16,0.08,1.71,JP,248000000,N,Corporates
Bond_486,A,98.73,0.18,Issuer_B,2035-12-25,JPY,47.48,0.29,0.08,GB,366000000,Y,Corporates
Bond_488,CCC,94.95,3.68,Issuer_B,2034-11-21,GBP,76.52,0.07,4.52,US,245000000,N,Corporates
Bond_490,AAA,90.82,4.59,Issuer_D,2033-04-14,USD,82.34,0.52,3.08,JP,947000000,Y,Corporates
Bond_491,BBB,105.27,0.29,Issuer_B,2033-05-04,JPY,55.25,0.55,2.87,DE,886000000,N,Governments
Bond_492,AA,96.62,3.91,Issuer_C,2031-06-18,JPY,61.19,0.14,3.4,US,638000000,Y,Corporates
Bond_493,B,93.43,4.53,Issuer_C,2031-04-24,JPY,24.21,0.23,2.36,GB,16000000,Y,Corporates
Bond_494,B,104.9,4.74,Issuer_D,2028-07-15,EUR,22.11,0.27,1.83,FR,964000000,Y,Corporates
Bond_495,B,95.45,4.86,Issuer_D,2034-03-06,USD,60.77,0.33,3.79,GB,99000000,Y,Corporates
Bond_496,BB,105.18,3.07,Issuer_D,2034-02-23,USD,20.35,0.17,1.98,JP,266000000,Y,Corporates
Bond_498,B,108.79,3.55,Issuer_D,2028-07-03,USD,1.23,0.93,0.9,GB,70000000,Y,Corporates
Bond_499,B,98.29,1.48,Issuer_A,2027-11-24,EUR,46.22,0.06,4.1,FR,360000000,Y,Corporates
Bond_500,A,92.05,0.4,Issuer_C,2032-03-19,GBP,43.37,1.0,1.03,JP,106000000,Y,Corporates
Bond_501,B,98.89,1.93,Issuer_B,2030-07-21,JPY,25.12,0.66,2.46,US,341000000,Y,Corporates
Bond_502,BBB,107.45,1.68,Issuer_A,2033-06-05,USD,7.49,0.14,0.23,JP,447000000,Y,Corporates
Bond_503,B,97.25,2.5,Issuer_D,2033-06-26,GBP,1.95,0.95,4.29,DE,815000000,Y,Corporates
Bond_504,BB,99.82,2.15,Issuer_C,2034-05-20,USD,67.67,0.81,1.69,DE,311000000,Y,Corporates
Bond_505,BB,100.72,1.72,Issuer_A,2026-06-16,JPY,16.4,0.95,2.13,US,80000000,N,Governments
Bond_506,A,98.16,0.83,Issuer_D,2032-10-25,EUR,24.74,0.12,0.68,JP,37000000,N,Governments
Bond_507,BB,109.22,1.93,Issuer_D,2027-09-18,GBP,33.09,0.51,0.32,DE,509000000,Y,Corporates
Bond_508,A,102.5,1.16,Issuer_D,2029-06-12,GBP,76.79,0.99,2.66,JP,81000000,Y,Corporates
Bond_511,CCC,92.73,1.66,Issuer_C,2030-11-09,GBP,90.12,0.84,3.23,DE,775000000,Y,Corporates
Bond_512,B,100.45,1.55,Issuer_C,2026-03-12,JPY,58.02,0.09,1.9,US,809000000,Y,Corporates
Bond_513,BB,97.32,4.87,Issuer_A,2025-10-26,JPY,22.56,0.49,3.23,FR,668000000,Y,Corporates
Bond_514,BBB,102.44,2.01,Issuer_B,2029-01-16,USD,8.44,0.6,2.93,FR,17000000,Y,Corporates
Bond_515,AAA,96.87,4.11,Issuer_C,2034-03-14,EUR,27.84,0.12,1.99,JP,896000000,N,Governments
Bond_516,B,108.89,1.75,Issuer_D,2034-05-08,EUR,0.39,0.07,2.43,DE,290000000,Y,Corporates
Bond_517,BBB,106.16,3.83,Issuer_D,2027-06-08,JPY,3.77,0.71,3.54,GB,119000000,N,Corporates
Bond_518,A,97.19,0.88,Issuer_B,2035-07-07,EUR,15.75,0.21,1.07,FR,404000000,Y,Corporates
Bond_519,AAA,104.45,1.31,Issuer_D,2029-02-26,EUR,95.35,0.87,2.59,DE,312000000,Y,Corporates
Bond_521,A,90.74,2.76,Issuer_B,2025-11-23,JPY,83.91,0.26,4.4,US,559000000,Y,Corporates
Bond_523,AA,96.9,0.56,Issuer_D,2030-05-04,GBP,19.3,0.28,0.81,GB,633000000,Y,Corporates
Bond_524,B,92.81,3.76,Issuer_B,2032-10-23,JPY,55.14,0.38,3.13,GB,453000000,Y,Corporates
Bond_525,CCC,92.27,1.69,Issuer_B,2028-11-17,USD,30.75,0.95,1.92,DE,784000000,Y,Corporates
Bond_526,B,107.01,4.62,Issuer_A,2033-02-02,EUR,41.54,0.84,1.56,US,257000000,N,Governments
Bond_527,BB,97.99,1.26,Issuer_D,2026-06-15,JPY,17.57,0.78,2.56,DE,798000000,Y,Corporates
Bond_529,B,93.75,3.91,Issuer_A,2028-04-05,EUR,67.61,0.65,3.23,FR,869000000,N,Governments
Bond_530,AA,107.42,1.53,Issuer_C,2034-01-19,EUR,85.3,0.86,2.82,US,27000000,Y,Corporates
Bond_531,CCC,95.77,2.47,Issuer_B,2033-04-23,GBP,10.19,0.93,1.41,JP,85000000,Y,Corporates
Bond_532,B,93.38,3.87,Issuer_B,2025-06-20,EUR,49.14,0.36,2.81,DE,263000000,N,Governments
Bond_533,BBB,104.89,4.3,Issuer_D,2029-10-14,USD,59.97,0.22,1.2,GB,861000000,Y,Corporates
Bond_536,BBB,90.03,3.01,Issuer_B,2028-03-12,USD,38.37,0.98,4.14,JP,940000000,Y,Corporates
Bond_537,AA,104.3,3.6,Issuer_B,2025-04-27,EUR,86.38,0.49,2.01,FR,381000000,N,Corporates
Bond_538,AA,99.55,4.79,Issuer_B,2026-10-03,EUR,34.57,0.13,0.7,FR,10000000,Y,Corporates
Bond_539,BB,101.66,0.09,Issuer_A,2030-05-17,JPY,40.23,0.9,1.84,US,415000000,Y,Corporates
Bond_540,BBB,99.89,4.01,Issuer_A,2030-07-05,JPY,83.49,0.48,2.42,US,246000000,Y,Corporates
Bond_541,CCC,104.23,1.38,Issuer_C,2031-09-04,USD,87.0,0.64,4.27,US,292000000,N,Corporates
Bond_542,BB,99.86,4.96,Issuer_C,2028-11-26,JPY,43.1,0.03,4.26,US,534000000,N,Corporates
Bond_543,BBB,93.94,3.99,Issuer_C,2034-11-10,USD,35.61,0.41,0.23,DE,799000000,Y,Corporates
Bond_545,CCC,92.8,4.92,Issuer_C,2027-09-03,JPY,99.69,0.47,0.94,JP,635000000,Y,Corporates
Bond_546,AA,96.66,0.36,Issuer_A,2033-12-19,USD,14.41,0.33,0.15,JP,929000000,Y,Corporates
Bond_547,B,98.49,1.3,Issuer_C,2027-07-02,GBP,84.09,0.26,4.38,US,832000000,Y,Corporates
Bond_548,BB,90.83,2.04,Issuer_D,2029-08-03,GBP,56.2,0.12,4.01,FR,609000000,N,Corporates
Bond_549,BB,109.92,2.09,Issuer_A,2033-01-20,JPY,76.46,0.06,2.89,JP,106000000,N,Corporates
Bond_550,A,102.05,1.09,Issuer_B,2028-11-08,GBP,58.92,0.41,1.94,JP,22000000,N,Governments
Bond_551,BBB,92.84,4.62,Issuer_C,2035-07-20,JPY,6.26,0.87,4.32,JP,165000000,Y,Corporates
Bond_552,BBB,103.03,2.13,Issuer_C,2028-06-07,GBP,8.17,0.62,4.93,US,341000000,N,Governments
Bond_553,B,92.88,1.31,Issuer_C,2031-07-05,JPY,44.85,0.85,1.42,GB,901000000,Y,Corporates
Bond_554,B,108.36,2.29,Issuer_A,2035-07-02,USD,81.29,0.67,2.12,DE,37000000,Y,Corporates
Bond_555,BB,108.0,2.48,Issuer_C,2026-01-02,EUR,91.26,0.82,4.9,GB,148000000,Y,Corporates
Bond_556,CCC,94.83,3.18,Issuer_D,2026-03-25,GBP,96.89,0.07,1.04,US,658000000,Y,Corporates
Bond_557,AAA,90.72,4.63,Issuer_D,2033-09-02,USD,28.76,0.45,0.81,JP,114000000,N,Governments
Bond_558,CCC,103.48,4.78,Issuer_D,2034-08-19,GBP,77.57,0.04,4.7,GB,148000000,N,Corporates
Bond_561,BBB,96.81,2.4,Issuer_C,2035-01-04,JPY,30.01,0.06,2.33,DE,293000000,Y,Corporates
Bond_563,BBB,102.47,4.51,Issuer_A,2029-05-24,GBP,76.69,0.13,2.45,DE,648000000,Y,Corporates
Bond_565,BB,103.45,1.31,Issuer_C,2035-02-10,JPY,11.58,0.59,0.2,JP,435000000,N,Corporates
Bond_566,A,91.06,3.6,Issuer_C,2035-11-13,JPY,30.36,0.06,2.95,FR,951000000,N,Corporates
Bond_567,A,104.37,0.09,Issuer_D,2034-04-25,GBP,99.17,0.65,4.14,US,425000000,N,Governments
Bond_568,BBB,98.98,4.16,Issuer_A,2032-07-18,JPY,48.9,0.15,1.39,FR,730000000,Y,Corporates
Bond_569,BBB,91.96,3.34,Issuer_D,2026-01-02,JPY,40.9,0.71,1.08,US,808000000,N,Governments
Bond_570,BB,98.8,4.81,Issuer_A,2027-11-10,GBP,79.38,0.69,4.88,DE,855000000,Y,Corporates
Bond_571,A,105.72,0.22,Issuer_C,2032-11-20,USD,46.47,0.96,2.92,FR,42000000,N,Corporates
Bond_572,A,108.39,0.48,Issuer_A,2030-02-08,EUR,49.43,0.44,0.62,FR,838000000,N,Governments
Bond_573,B,107.61,4.18,Issuer_B,2030-01-14,GBP,90.26,0.78,4.06,DE,936000000,N,Corporates
Bond_574,B,101.46,1.8,Issuer_C,2031-11-28,JPY,23.82,0.87,0.55,GB,352000000,Y,Corporates
Bond_575,A,103.72,4.8,Issuer_B,2027-09-02,JPY,51.09,0.34,3.83,FR,285000000,N,Governments
Bond_576,BBB,105.63,1.1,Issuer_D,2034-05-26,GBP,95.66,0.41,2.55,US,409000000,Y,Corporates
Bond_577,BB,94.39,3.48,Issuer_A,2034-08-25,USD,76.89,0.17,2.58,JP,902000000,Y,Corporates
Bond_578,BB,103.84,1.23,Issuer_A,2032-01-21,GBP,79.25,0.34,4.79,GB,598000000,N,Corporates
Bond_581,AA,99.13,4.16,Issuer_C,2026-06-21,USD,35.82,0.71,3.51,DE,298000000,Y,Corporates
Bond_582,BBB,108.11,3.45,Issuer_B,2029-08-27,JPY,7.59,0.88,3.8,GB,328000000,N,Corporates
Bond_583,A,100.48,3.06,Issuer_B,2028-12-21,JPY,76.44,0.64,1.22,GB,185000000,Y,Corporates
Bond_584,B,91.01,4.57,Issuer_B,2026-01-03,USD,14.43,0.0,1.73,FR,642000000,Y,Corporates
Bond_585,BB,101.88,2.47,Issuer_C,2031-03-03,GBP,71.57,0.41,2.6,GB,472000000,Y,Corporates
Bond_587,B,104.82,2.02,Issuer_A,2035-11-05,GBP,57.39,0.49,4.17,GB,924000000,N,Corporates
Bond_588,BB,91.81,0.91,Issuer_C,2029-03-19,EUR,18.46,0.44,2.71,DE,31000000,N,Governments
Bond_589,AA,108.09,1.08,Issuer_A,2031-09-09,GBP,60.31,0.18,1.25,GB,784000000,N,Corporates
Bond_590,AAA,93.19,0.99,Issuer_D,2034-05-03,GBP,36.1,0.28,1.38,US,187000000,Y,Corporates
Bond_591,BBB,100.15,0.85,Issuer_D,2029-08-03,EUR,99.3,0.44,1.43,FR,720000000,Y,Corporates
Bond_592,AAA,106.47,1.88,Issuer_C,2035-11-13,USD,85.88,0.35,2.61,US,489000000,N,Governments
Bond_593,BB,93.45,1.18,Issuer_A,2035-04-09,JPY,3.81,0.92,0.91,DE,48000000,Y,Corporates
Bond_595,CCC,109.7,2.09,Issuer_A,2029-11-19,EUR,55.62,0.34,0.25,JP,675000000,Y,Corporates
Bond_596,A,101.65,0.37,Issuer_B,2032-10-15,USD,95.55,0.74,4.15,JP,42000000,N,Governments
Bond_598,A,98.8,4.5,Issuer_D,2032-07-11,JPY,48.45,0.41,3.03,FR,48000000,Y,Corporates
Bond_599,CCC,94.74,1.04,Issuer_A,2034-02-26,GBP,73.98,0.91,3.99,DE,324000000,N,Governments
Bond_600,BBB,95.79,3.55,Issuer_D,2030-09-19,EUR,78.35,0.28,2.53,FR,947000000,N,Governments
Bond_601,BBB,107.17,3.47,Issuer_D,2029-01-25,JPY,42.11,0.63,2.39,GB,261000000,N,Corporates
Bond_602,AA,91.11,4.78,Issuer_C,2025-09-22,GBP,27.51,0.96,0.75,JP,470000000,N,Corporates
Bond_603,AA,94.05,0.89,Issuer_A,2028-04-14,EUR,6.87,0.21,4.31,GB,987000000,N,Corporates
Bond_604,BBB,91.69,3.52,Issuer_C,2033-12-01,GBP,64.3,0.78,3.2,GB,70000000,Y,Corporates
Bond_605,B,98.3,2.5,Issuer_B,2026-10-13,EUR,88.95,0.18,3.98,GB,919000000,N,Corporates
Bond_606,CCC,101.65,3.93,Issuer_C,2034-03-11,USD,14.21,0.73,4.65,US,256000000,N,Governments
Bond_607,AAA,91.03,1.71,Issuer_D,2028-05-25,EUR,97.02,0.72,2.69,DE,224000000,Y,Corporates
Bond_608,B,95.3,1.54,Issuer_B,2027-01-23,USD,50.31,0.15,1.98,GB,842000000,Y,Corporates
Bond_609,A,106.65,0.99,Issuer_A,2030-08-19,JPY,51.53,0.19,4.11,US,640000000,N,Governments
Bond_610,B,104.01,0.43,Issuer_A,2032-05-22,EUR,62.88,0.23,0.98,FR,667000000,Y,Corporates
Bond_611,BBB,103.25,1.07,Issuer_A,2029-08-05,GBP,5.05,0.78,3.65,FR,689000000,Y,Corporates
Bond_612,BB,90.17,4.33,Issuer_C,2025-02-26,USD,3.21,0.23,2.35,DE,57000000,Y,Corporates
Bond_613,B,90.54,3.53,Issuer_C,2030-10-14,GBP,50.43,0.51,3.05,US,649000000,N,Corporates
Bond_615,AA,103.82,3.77,Issuer_A,2025-06-05,EUR,5.24,0.71,0.5,DE,929000000,Y,Corporates
Bond_616,A,109.69,2.97,Issuer_B,2028-02-23,USD,43.72,0.56,3.03,JP,703000000,Y,Corporates
Bond_617,AA,90.07,0.31,Issuer_C,2032-04-24,JPY,45.67,0.2,1.66,JP,882000000,N,Corporates
Bond_618,CCC,104.42,2.54,Issuer_B,2033-09-17,USD,22.43,0.38,4.43,DE,617000000,Y,Corporates
Bond_619,BBB,90.01,2.69,Issuer_A,2028-06-21,EUR,37.7,0.18,1.71,GB,631000000,Y,Corporates
Bond_620,BBB,102.42,4.9,Issuer_C,2035-12-15,JPY,51.63,0.71,1.44,JP,137000000,N,Corporates
Bond_621,BB,95.81,4.76,Issuer_A,2030-10-06,EUR,95.46,0.25,4.5,US,444000000,Y,Corporates
Bond_622,B,105.49,1.76,Issuer_D,2035-12-14,EUR,4.44,0.24,2.22,GB,967000000,N,Governments
Bond_623,AA,105.33,0.31,Issuer_C,2033-06-14,USD,65.62,0.42,2.92,US,935000000,Y,Corporates
Bond_624,B,100.89,0.55,Issuer_C,2033-03-06,GBP,46.59,0.16,3.04,GB,227000000,Y,Corporates
Bond_625,BB,98.7,4.95,Issuer_B,2029-07-22,EUR,41.5,0.66,0.7,JP,442000000,Y,Corporates
Bond_626,B,94.92,3.89,Issuer_C,2031-01-10,JPY,6.31,0.49,3.66,FR,303000000,Y,Corporates
Bond_627,A,108.03,4.28,Issuer_C,2033-02-09,GBP,4.33,0.97,1.73,JP,930000000,Y,Corporates
Bond_628,BB,102.55,1.93,Issuer_C,2032-09-09,GBP,87.51,0.74,3.96,GB,931000000,N,Corporates
Bond_629,BBB,92.67,0.72,Issuer_A,2034-12-17,JPY,43.52,0.35,3.69,JP,717000000,Y,Corporates
Bond_631,AAA,106.9,0.2,Issuer_A,2026-01-27,GBP,1.13,0.5,2.68,US,873000000,N,Governments
Bond_632,A,102.08,3.25,Issuer_D,2032-12-03,EUR,64.89,0.75,0.11,US,543000000,Y,Corporates
Bond_633,BB,99.61,4.76,Issuer_B,2033-10-22,USD,44.95,0.59,2.1,FR,571000000,Y,Corporates
Bond_634,A,109.57,4.27,Issuer_C,2033-04-21,JPY,51.53,0.27,1.63,GB,558000000,Y,Corporates
Bond_635,B,97.52,0.96,Issuer_B,2032-11-18,EUR,75.76,0.5,0.32,FR,473000000,Y,Corporates
Bond_636,B,93.17,4.49,Issuer_D,2026-07-17,EUR,11.61,0.26,1.62,DE,736000000,Y,Corporates
Bond_638,AAA,96.23,4.18,Issuer_C,2034-11-11,EUR,23.3,0.18,0.08,DE,559000000,Y,Corporates
Bond_640,BB,106.2,2.04,Issuer_D,2033-01-18,EUR,89.45,0.29,2.61,FR,903000000,N,Corporates
Bond_641,CCC,90.82,3.91,Issuer_A,2034-08-13,JPY,70.18,0.03,2.52,GB,467000000,Y,Corporates
Bond_643,BB,98.31,3.29,Issuer_A,2027-12-22,GBP,17.39,0.06,1.57,US,212000000,Y,Corporates
Bond_644,CCC,103.27,0.48,Issuer_B,2030-10-19,JPY,2.39,0.26,0.23,US,251000000,Y,Corporates
Bond_645,CCC,93.3,2.26,Issuer_B,2034-11-05,EUR,26.7,0.48,0.96,JP,301000000,N,Corporates
Bond_646,A,95.24,3.56,Issuer_C,2030-10-25,JPY,16.13,0.57,4.12,JP,30000000,Y,Corporates
Bond_647,AA,104.95,3.06,Issuer_D,2031-07-04,USD,47.16,0.96,0.15,DE,382000000,N,Corporates
Bond_649,BBB,103.51,2.18,Issuer_D,2027-05-17,GBP,65.33,0.24,0.16,GB,229000000,N,Corporates
Bond_650,A,92.08,4.2,Issuer_B,2032-01-16,EUR,41.63,0.97,1.92,DE,569000000,Y,Corporates
Bond_651,AA,93.41,4.19,Issuer_C,2030-06-01,GBP,71.59,0.99,4.73,JP,757000000,N,Governments
Bond_652,CCC,108.02,4.54,Issuer_C,2027-11-26,EUR,0.83,0.32,3.91,US,129000000,N,Corporates
Bond_653,BB,96.78,4.67,Issuer_C,2026-03-22,JPY,8.08,0.82,0.64,JP,321000000,N,Governments
Bond_654,A,90.13,1.51,Issuer_B,2025-07-12,EUR,15.76,0.59,4.62,FR,142000000,Y,Corporates
Bond_655,CCC,93.08,3.85,Issuer_C,2031-10-27,EUR,83.48,0.28,1.33,US,151000000,Y,Corporates
Bond_656,AA,96.79,2.01,Issuer_C,2030-01-01,JPY,88.19,0.37,0.6,JP,222000000,Y,Corporates
Bond_657,B,100.7,3.85,Issuer_A,2035-07-01,USD,59.33,0.54,4.4,GB,264000000,Y,Corporates
Bond_658,BBB,94.12,3.32,Issuer_A,2025-09-09,EUR,95.51,0.57,3.44,US,302000000,N,Corporates
Bond_659,AA,105.56,3.18,Issuer_C,2035-03-26,USD,72.27,0.5,1.16,GB,836000000,Y,Corporates
Bond_660,AAA,103.92,2.89,Issuer_D,2029-03-10,EUR,57.85,0.32,2.71,DE,612000000,Y,Corporates
Bond_662,BB,105.48,1.99,Issuer_D,2033-02-14,GBP,23.29,0.29,3.92,US,567000000,Y,Corporates
Bond_663,BBB,93.27,3.45,Issuer_A,2025-04-13,USD,35.57,0.95,1.68,JP,363000000,Y,Corporates
Bond_664,A,100.94,1.55,Issuer_C,2032-12-03,JPY,4.48,0.63,1.75,GB,819000000,Y,Corporates
Bond_665,CCC,109.24,3.53,Issuer_B,2034-04-01,EUR,50.25,0.51,1.98,DE,380000000,Y,Corporates
Bond_666,CCC,97.31,2.15,Issuer_B,2034-04-08,EUR,66.08,0.49,3.18,DE,219000000,Y,Corporates
Bond_667,AA,100.06,3.67,Issuer_D,2034-09-14,USD,12.1,0.95,4.17,DE,424000000,Y,Corporates
Bond_668,CCC,92.15,3.05,Issuer_C,2032-10-02,JPY,29.74,0.76,4.05,JP,40000000,Y,Corporates
Bond_669,CCC,90.67,0.42,Issuer_D,2029-03-21,EUR,8.22,0.96,4.57,JP,681000000,N,Governments
Bond_670,AA,98.51,3.05,Issuer_D,2031-01-06,JPY,1.72,0.46,2.6,DE,301000000,N,Corporates
Bond_673,B,105.17,3.56,Issuer_C,2026-04-17,GBP,5.18,0.16,4.21,US,374000000,N,Governments
Bond_675,CCC,93.67,2.04,Issuer_B,2025-04-07,EUR,43.72,0.63,1.35,DE,42000000,Y,Corporates
Bond_676,AAA,103.9,0.62,Issuer_A,2026-10-20,EUR,2.59,0.3,2.33,GB,824000000,N,Governments
Bond_677,BB,101.8,2.04,Issuer_C,2026-07-22,JPY,70.09,0.08,3.27,JP,155000000,N,Governments
Bond_678,CCC,93.47,3.2,Issuer_C,2029-10-09,GBP,37.19,0.34,4.64,DE,582000000,Y,Corporates
Bond_680,AA,90.02,1.6,Issuer_A,2025-05-16,JPY,45.76,0.38,4.06,US,897000000,Y,Corporates
Bond_681,BB,104.81,2.81,Issuer_B,2035-07-14,JPY,58.94,0.23,2.79,JP,431000000,N,Corporates
Bond_682,AAA,96.31,2.04,Issuer_B,2030-02-09,EUR,47.0,0.08,1.74,DE,990000000,N,Corporates
Bond_684,A,108.8,4.02,Issuer_C,2033-02-07,GBP,25.05,0.5,1.96,JP,677000000,Y,Corporates
Bond_685,BBB,94.52,4.19,Issuer_D,2032-04-25,GBP,45.51,0.93,4.69,DE,957000000,Y,Corporates
Bond_686,BB,100.51,1.5,Issuer_B,2029-04-13,EUR,11.49,1.0,1.8,US,805000000,N,Governments
Bond_687,A,107.46,0.66,Issuer_A,2031-10-18,GBP,74.78,0.29,2.71,GB,948000000,Y,Corporates
Bond_688,A,101.0,1.85,Issuer_A,2034-04-12,JPY,90.31,0.91,2.28,US,60000000,N,Corporates
Bond_690,A,105.51,3.51,Issuer_B,2025-07-22,JPY,21.71,0.24,1.63,JP,183000000,Y,Corporates
Bond_691,A,101.2,4.66,Issuer_A,2025-12-24,GBP,24.74,0.26,2.49,DE,519000000,Y,Corporates
Bond_692,AAA,96.13,3.91,Issuer_B,2027-05-17,JPY,19.87,0.84,2.78,DE,340000000,Y,Corporates
Bond_693,A,103.57,0.9,Issuer_C,2027-05-12,JPY,12.05,0.69,2.06,GB,351000000,Y,Corporates
Bond_694,CCC,94.8,4.08,Issuer_B,2032-04-22,GBP,11.11,0.18,4.99,FR,895000000,Y,Corporates
Bond_695,BBB,97.93,2.94,Issuer_A,2035-03-24,GBP,42.07,0.33,1.1,US,44000000,Y,Corporates
Bond_696,BBB,94.19,1.55,Issuer_C,2031-05-12,EUR,12.23,0.46,3.03,JP,704000000,N,Corporates
Bond_698,BB,102.24,3.33,Issuer_B,2029-09-16,JPY,25.15,0.13,2.96,JP,255000000,N,Corporates
Bond_699,CCC,102.43,1.61,Issuer_A,2034-07-11,JPY,90.88,0.67,0.31,FR,44000000,N,Governments
Bond_700,AAA,100.69,0.13,Issuer_C,2029-01-04,GBP,71.64,0.23,0.01,GB,257000000,Y,Corporates
Bond_701,CCC,99.02,3.65,Issuer_B,2025-10-12,EUR,47.84,0.44,1.06,GB,584000000,N,Corporates
Bond_702,BBB,97.4,4.93,Issuer_B,2030-12-08,USD,36.87,0.44,4.27,GB,411000000,Y,Corporates
Bond_703,AA,99.31,3.96,Issuer_C,2030-10-04,GBP,90.34,0.47,1.57,DE,152000000,N,Governments
Bond_705,BBB,100.07,2.13,Issuer_B,2026-10-08,USD,31.34,0.92,4.4,FR,474000000,N,Governments
Bond_706,A,94.76,3.84,Issuer_B,2028-01-11,GBP,94.4,0.32,0.5,JP,67000000,Y,Corporates
Bond_707,BBB,107.99,3.16,Issuer_A,2025-08-21,USD,21.13,0.26,3.18,US,256000000,Y,Corporates
Bond_708,AAA,90.91,1.79,Issuer_D,2034-11-10,USD,90.13,0.94,4.13,US,179000000,N,Corporates
Bond_710,AA,102.14,3.26,Issuer_A,2034-10-02,GBP,76.86,0.37,4.86,FR,512000000,Y,Corporates
Bond_711,AA,96.26,0.98,Issuer_D,2025-05-10,EUR,52.23,0.91,3.15,FR,981000000,N,Governments
Bond_712,B,106.06,1.19,Issuer_A,2035-08-13,JPY,26.09,0.53,2.68,DE,878000000,Y,Corporates
Bond_713,CCC,105.15,4.56,Issuer_C,2032-11-16,GBP,15.89,0.4,0.48,GB,637000000,N,Corporates
Bond_714,CCC,95.66,2.86,Issuer_B,2027-05-10,EUR,98.83,0.75,2.71,DE,755000000,Y,Corporates
Bond_715,BB,102.49,0.14,Issuer_B,2025-03-17,EUR,26.78,0.98,0.46,US,250000000,Y,Corporates
Bond_717,B,94.04,2.25,Issuer_A,2035-03-20,USD,47.84,0.96,4.95,GB,195000000,Y,Corporates
Bond_718,AA,96.13,1.75,Issuer_B,2025-02-07,JPY,53.01,0.85,2.44,FR,507000000,Y,Corporates
Bond_719,AAA,103.63,3.58,Issuer_A,2035-06-15,JPY,93.66,0.19,0.03,US,792000000,N,Corporates
Bond_720,BB,104.97,3.38,Issuer_D,2026-08-26,JPY,4.76,0.25,2.95,FR,269000000,Y,Corporates
Bond_721,BBB,94.27,4.59,Issuer_A,2031-01-06,GBP,83.08,0.24,2.0,JP,66000000,Y,Corporates
Bond_722,AAA,103.91,4.22,Issuer_B,2032-05-16,JPY,45.42,0.06,0.37,GB,797000000,N,Corporates
Bond_723,AAA,91.28,2.8,Issuer_C,2031-03-07,EUR,22.64,0.95,1.32,FR,133000000,Y,Corporates
Bond_724,AAA,96.51,4.21,Issuer_C,2026-05-06,JPY,7.77,0.69,2.12,DE,545000000,Y,Corporates
Bond_725,BBB,95.43,0.07,Issuer_A,2031-12-28,EUR,41.53,0.56,1.55,DE,716000000,Y,Corporates
Bond_726,BB,103.77,0.66,Issuer_D,2034-11-27,USD,26.06,0.61,4.24,FR,648000000,Y,Corporates
Bond_728,BBB,94.25,4.48,Issuer_B,2027-10-20,USD,43.43,0.47,4.52,FR,212000000,Y,Corporates
Bond_729,BB,109.98,1.35,Issuer_D,2032-11-15,USD,50.89,0.99,1.94,FR,760000000,Y,Corporates
Bond_730,B,90.14,4.29,Issuer_B,2035-06-18,EUR,30.44,0.15,4.14,FR,132000000,Y,Corporates
Bond_731,B,91.04,2.99,Issuer_B,2025-11-08,USD,21.54,0.33,1.41,FR,742000000,Y,Corporates
Bond_732,CCC,103.88,1.05,Issuer_A,2032-12-22,JPY,95.85,0.07,4.57,FR,591000000,N,Governments
Bond_733,B,97.63,2.31,Issuer_A,2025-05-20,GBP,17.37,0.97,2.07,JP,247000000,N,Governments
Bond_734,AAA,98.99,3.82,Issuer_B,2032-11-13,EUR,92.59,0.74,2.51,US,511000000,Y,Corporates
Bond_735,AAA,94.14,1.28,Issuer_C,2027-08-25,USD,95.51,0.09,2.02,GB,85000000,N,Corporates
Bond_736,B,99.7,0.99,Issuer_B,2031-02-11,EUR,22.84,0.35,4.63,JP,782000000,Y,Corporates
Bond_737,CCC,100.15,3.88,Issuer_D,2034-12-24,EUR,53.55,0.13,2.15,US,981000000,Y,Corporates
Bond_738,B,97.27,4.3,Issuer_A,2033-08-28,USD,77.77,0.8,0.8,JP,832000000,N,Governments
Bond_739,BBB,105.19,4.23,Issuer_A,2035-12-18,EUR,36.32,0.37,4.55,FR,955000000,N,Governments
Bond_740,B,107.32,0.08,Issuer_B,2034-02-15,JPY,31.39,0.3,1.85,FR,303000000,Y,Corporates
Bond_741,AA,101.79,4.36,Issuer_B,2029-10-27,USD,78.41,0.97,0.27,JP,349000000,N,Corporates
Bond_742,A,94.16,1.02,Issuer_B,2028-10-04,USD,29.41,0.51,1.88,FR,32000000,Y,Corporates
Bond_743,BB,94.87,2.63,Issuer_A,2027-02-21,EUR,67.8,0.31,2.85,US,155000000,Y,Corporates
Bond_744,CCC,106.94,4.07,Issuer_A,2034-01-07,EUR,68.25,0.08,1.11,DE,932000000,N,Corporates
Bond_745,A,108.77,0.77,Issuer_C,2033-11-16,GBP,2.9,0.24,4.17,FR,651000000,Y,Corporates
Bond_746,A,91.55,4.49,Issuer_C,2025-09-09,JPY,1.27,0.12,4.43,GB,707000000,N,Corporates
Bond_749,CCC,90.36,4.21,Issuer_A,2034-01-12,EUR,60.0,0.4,1.26,US,811000000,Y,Corporates
Bond_751,B,98.39,0.26,Issuer_B,2026-06-12,USD,95.31,0.77,2.11,DE,320000000,N,Corporates
Bond_752,AAA,105.31,1.33,Issuer_C,2025-12-27,GBP,71.7,0.06,2.18,JP,442000000,Y,Corporates
Bond_753,B,95.9,0.27,Issuer_A,2028-11-28,JPY,34.69,0.6,0.54,DE,993000000,N,Governments
Bond_754,B,94.33,3.71,Issuer_B,2031-10-17,USD,98.19,0.56,4.22,DE,113000000,N,Governments
Bond_755,CCC,105.65,1.99,Issuer_B,2026-10-02,EUR,94.86,0.99,0.2,JP,461000000,Y,Corporates
Bond_756,AAA,98.05,4.3,Issuer_C,2028-12-01,USD,93.52,0.89,3.98,US,855000000,N,Corporates
Bond_757,CCC,103.03,0.62,Issuer_C,2029-12-12,USD,73.83,0.7,2.78,FR,804000000,N,Governments
Bond_759,B,94.0,4.97,Issuer_B,2032-09-27,JPY,19.98,0.24,1.8,FR,183000000,Y,Corporates
Bond_760,A,93.42,1.51,Issuer_A,2026-10-25,EUR,47.81,0.42,3.41,GB,162000000,N,Governments
Bond_761,B,91.26,3.08,Issuer_B,2035-12-19,EUR,16.66,0.35,4.44,GB,41000000,Y,Corporates
Bond_762,B,107.96,0.16,Issuer_C,2029-02-28,USD,90.82,0.23,4.26,DE,924000000,N,Corporates
Bond_763,CCC,99.25,0.12,Issuer_D,2027-11-14,GBP,77.69,0.15,0.18,GB,468000000,Y,Corporates
Bond_764,A,92.31,4.13,Issuer_C,2030-04-14,GBP,52.12,0.19,3.77,JP,438000000,Y,Corporates
Bond_765,B,101.72,4.23,Issuer_B,2025-02-02,JPY,47.55,0.74,3.15,FR,737000000,Y,Corporates
Bond_766,B,100.12,0.1,Issuer_D,2026-09-26,USD,34.87,0.19,2.95,DE,437000000,Y,Corporates
Bond_767,A,99.68,4.42,Issuer_C,2032-10-07,JPY,14.78,0.92,0.65,GB,779000000,Y,Corporates
Bond_768,BBB,103.03,0.3,Issuer_B,2028-07-08,GBP,44.05,0.71,1.27,GB,734000000,N,Corporates
Bond_769,AA,91.44,3.77,Issuer_A,2035-07-07,USD,91.73,0.06,2.46,DE,144000000,Y,Corporates
Bond_770,B,99.78,3.12,Issuer_B,2032-07-16,JPY,62.75,0.78,0.89,DE,386000000,N,Governments
Bond_771,B,108.42,3.27,Issuer_B,2034-02-15,JPY,0.77,0.0,2.08,FR,163000000,N,Corporates
Bond_772,BBB,102.12,4.01,Issuer_A,2032-11-03,JPY,82.2,0.51,2.99,DE,824000000,Y,Corporates
Bond_773,AA,104.63,2.88,Issuer_A,2033-12-13,GBP,35.72,0.24,1.66,US,612000000,Y,Corporates
Bond_774,B,93.44,3.99,Issuer_D,2034-09-17,EUR,40.66,0.35,2.69,US,510000000,Y,Corporates
Bond_775,AA,105.11,0.59,Issuer_A,2026-01-10,EUR,25.49,0.67,4.75,DE,916000000,N,Governments
Bond_777,AAA,93.18,2.37,Issuer_C,2034-04-23,GBP,45.57,0.94,1.1,US,399000000,N,Corporates
Bond_779,BB,91.85,4.24,Issuer_B,2027-10-21,EUR,21.93,0.03,4.12,JP,778000000,N,Corporates
Bond_780,BB,95.24,2.67,Issuer_B,2031-08-28,GBP,24.84,0.73,0.77,GB,864000000,Y,Corporates
Bond_781,CCC,106.58,4.84,Issuer_D,2027-09-23,USD,70.91,0.89,3.79,FR,462000000,Y,Corporates
Bond_782,AA,95.07,0.25,Issuer_B,2029-03-01,JPY,99.91,0.36,3.85,JP,790000000,Y,Corporates
Bond_783,B,106.07,2.72,Issuer_A,2029-06-03,GBP,45.56,0.37,2.1,FR,334000000,N,Corporates
Bond_784,BB,90.62,4.42,Issuer_D,2026-02-18,GBP,71.35,0.88,3.27,DE,378000000,Y,Corporates
Bond_785,BBB,102.53,1.77,Issuer_D,2035-03-24,JPY,82.24,0.2,0.1,DE,939000000,Y,Corporates
Bond_786,A,109.64,4.36,Issuer_D,2029-10-03,JPY,32.72,0.28,2.72,DE,260000000,N,Governments
Bond_787,AA,107.34,0.42,Issuer_C,2034-10-14,GBP,35.62,0.46,3.87,US,376000000,Y,Corporates
Bond_788,AAA,107.4,3.04,Issuer_C,2028-09-27,JPY,26.03,0.58,3.97,US,439000000,N,Governments
Bond_789,CCC,106.16,3.11,Issuer_D,2029-08-16,JPY,61.8,0.28,4.98,GB,585000000,N,Governments
Bond_791,B,104.61,1.69,Issuer_A,2033-11-05,JPY,87.45,0.36,3.0,US,336000000,N,Governments
Bond_792,BBB,107.02,4.71,Issuer_B,2027-04-14,JPY,12.59,0.49,1.89,GB,420000000,N,Governments
Bond_793,BB,91.76,2.37,Issuer_D,2027-07-05,GBP,23.65,0.14,1.42,FR,537000000,Y,Corporates
Bond_794,A,99.75,0.72,Issuer_A,2026-02-11,JPY,65.39,0.91,3.88,DE,620000000,N,Governments
Bond_795,BBB,97.54,2.39,Issuer_C,2027-11-06,EUR,13.11,0.72,4.54,US,872000000,N,Corporates
Bond_796,B,104.86,1.13,Issuer_B,2030-12-26,GBP,12.53,0.18,1.44,DE,49000000,Y,Corporates
Bond_797,BB,99.07,4.79,Issuer_B,2028-10-16,JPY,21.36,0.84,0.2,JP,883000000,Y,Corporates
Bond_798,AA,98.09,0.66,Issuer_D,2031-08-21,USD,76.39,0.23,1.01,JP,111000000,Y,Corporates
Bond_799,BBB,99.04,1.12,Issuer_D,2026-01-07,JPY,88.37,0.7,4.61,JP,466000000,N,Governments
Bond_800,AAA,96.66,3.4,Issuer_D,2030-05-02,JPY,88.58,0.7,4.53,JP,917000000,Y,Corporates
Bond_801,BBB,104.52,3.28,Issuer_A,2035-04-21,GBP,90.54,0.85,3.36,GB,396000000,N,Corporates
Bond_804,CCC,98.73,0.32,Issuer_B,2033-11-15,USD,13.65,0.9,0.67,JP,429000000,Y,Corporates
Bond_805,B,91.26,4.65,Issuer_B,2031-02-25,EUR,50.59,0.01,4.84,US,732000000,N,Governments
Bond_806,BB,107.63,1.42,Issuer_C,2026-05-03,USD,87.39,0.36,3.07,DE,258000000,N,Governments
Bond_807,AAA,99.19,0.07,Issuer_B,2033-02-16,GBP,76.71,0.04,2.86,JP,409000000,Y,Corporates
Bond_808,A,92.55,1.17,Issuer_A,2033-02-21,JPY,90.25,0.83,0.96,DE,263000000,Y,Corporates
Bond_809,BBB,92.63,1.05,Issuer_D,2034-10-17,EUR,48.38,0.03,2.01,US,764000000,Y,Corporates
Bond_810,AAA,107.64,3.1,Issuer_B,2026-02-06,GBP,40.7,0.5,0.26,US,298000000,Y,Corporates
Bond_811,A,95.79,3.46,Issuer_C,2033-02-09,EUR,35.67,0.27,4.97,FR,915000000,N,Governments
Bond_812,AA,100.69,4.86,Issuer_D,2035-11-23,EUR,33.98,0.12,0.25,FR,697000000,N,Governments
Bond_813,AA,103.68,1.08,Issuer_D,2025-10-09,GBP,77.08,0.41,4.35,US,225000000,Y,Corporates
Bond_815,A,95.63,2.11,Issuer_B,2033-04-08,EUR,96.19,0.98,3.14,FR,456000000,Y,Corporates
Bond_816,A,108.7,1.3,Issuer_B,2025-02-13,USD,84.39,0.33,4.17,US,803000000,Y,Corporates
Bond_817,BB,100.79,1.07,Issuer_B,2028-04-26,GBP,98.41,0.87,0.29,FR,658000000,Y,Corporates
Bond_818,BBB,100.48,0.7,Issuer_B,2026-12-15,JPY,30.97,0.72,4.11,DE,189000000,Y,Corporates
Bond_819,BB,95.07,3.89,Issuer_B,2028-01-10,USD,10.32,0.54,2.35,DE,750000000,Y,Corporates
Bond_820,A,94.36,0.14,Issuer_A,2034-10-27,GBP,67.68,0.87,0.46,GB,105000000,N,Governments
Bond_821,BBB,94.09,1.86,Issuer_C,2032-04-26,EUR,86.57,0.31,1.19,JP,238000000,Y,Corporates
Bond_822,AAA,104.33,0.46,Issuer_A,2026-04-27,EUR,70.74,0.34,0.64,FR,95000000,N,Governments
Bond_823,AA,106.63,4.01,Issuer_A,2032-11-15,GBP,60.25,0.53,3.25,DE,590000000,Y,Corporates
Bond_824,BBB,99.41,1.35,Issuer_A,2030-02-15,GBP,59.58,0.12,2.6,US,108000000,N,Governments
Bond_826,B,100.09,1.35,Issuer_D,2027-01-10,JPY,48.31,0.22,2.84,GB,971000000,N,Corporates
Bond_827,B,96.65,4.89,Issuer_C,2030-07-22,GBP,36.97,0.29,3.66,GB,887000000,Y,Corporates
Bond_828,B,96.81,4.4,Issuer_A,2029-06-16,EUR,44.94,0.93,3.3,GB,47000000,Y,Corporates
Bond_829,BB,108.55,3.96,Issuer_D,2034-09-10,GBP,82.14,0.76,1.83,FR,108000000,Y,Corporates
Bond_830,B,94.63,1.71,Issuer_C,2034-06-21,JPY,73.28,0.45,4.56,GB,153000000,N,Corporates
Bond_831,AA,97.79,3.78,Issuer_B,2034-03-27,JPY,75.03,0.87,2.37,US,973000000,Y,Corporates
Bond_832,AA,96.95,4.89,Issuer_D,2032-01-25,USD,44.43,0.77,3.29,FR,687000000,N,Corporates
Bond_833,B,94.73,1.47,Issuer_D,2035-03-13,GBP,17.94,0.64,0.01,JP,179000000,N,Governments
Bond_835,BB,106.4,4.25,Issuer_A,2025-07-12,EUR,54.28,0.63,3.49,FR,312000000,N,Corporates
Bond_836,CCC,98.36,3.18,Issuer_B,2027-11-21,USD,93.53,0.95,3.59,FR,772000000,Y,Corporates
Bond_838,AA,107.87,1.63,Issuer_A,2026-02-06,GBP,51.52,0.16,1.97,DE,419000000,Y,Corporates
Bond_839,A,96.74,0.47,Issuer_D,2033-01-11,JPY,26.34,0.05,1.95,GB,623000000,Y,Corporates
Bond_840,CCC,90.58,3.95,Issuer_D,2028-02-22,EUR,38.61,0.29,3.04,JP,926000000,Y,Corporates
Bond_841,AAA,92.88,1.08,Issuer_D,2026-04-05,EUR,45.33,0.34,3.11,DE,25000000,Y,Corporates
Bond_842,BB,91.36,2.74,Issuer_A,2035-11-07,EUR,95.57,0.61,3.22,DE,717000000,N,Corporates
Bond_843,CCC,91.83,3.76,Issuer_A,2034-10-18,JPY,53.96,0.56,1.73,GB,89000000,N,Governments
Bond_844,AAA,90.57,4.86,Issuer_A,2027-05-15,JPY,19.89,0.69,4.32,JP,224000000,Y,Corporates
Bond_845,AA,110.0,2.23,Issuer_D,2026-12-23,EUR,29.62,0.8,4.51,US,720000000,N,Corporates
Bond_847,AAA,100.5,1.03,Issuer_A,2035-07-16,EUR,56.01,0.14,2.83,US,766000000,Y,Corporates
Bond_848,BB,90.78,1.12,Issuer_B,2034-07-02,JPY,81.09,0.58,1.32,GB,529000000,N,Corporates
Bond_849,AA,101.52,4.15,Issuer_A,2028-06-20,USD,29.77,0.68,2.36,GB,862000000,N,Governments
Bond_850,CCC,107.89,0.07,Issuer_D,2028-10-07,EUR,9.2,0.82,3.91,US,187000000,Y,Corporates
Bond_851,AA,109.53,3.22,Issuer_A,2030-11-26,GBP,98.54,0.53,2.55,DE,438000000,Y,Corporates
Bond_852,CCC,107.35,1.64,Issuer_A,2025-10-19,JPY,44.14,0.63,0.21,US,13000000,N,Governments
Bond_853,AA,107.0,0.9,Issuer_B,2026-03-20,JPY,73.82,0.2,2.58,DE,573000000,N,Governments
Bond_854,AAA,108.62,3.17,Issuer_D,2025-09-02,JPY,43.38,0.39,0.36,GB,38000000,N,Corporates
Bond_855,B,91.91,3.03,Issuer_B,2033-07-03,EUR,5.54,0.9,0.83,FR,203000000,N,Governments
Bond_857,BB,92.74,0.73,Issuer_B,2035-06-20,GBP,82.11,0.18,2.32,JP,487000000,Y,Corporates
Bond_858,AAA,109.42,1.9,Issuer_C,2028-10-01,JPY,89.8,0.8,4.38,FR,961000000,N,Governments
Bond_861,AA,92.1,0.31,Issuer_A,2034-09-19,GBP,90.98,0.09,1.72,DE,829000000,Y,Corporates
Bond_862,BBB,98.73,2.65,Issuer_C,2035-09-25,EUR,3.77,0.05,0.56,US,933000000,Y,Corporates
Bond_863,AA,97.89,4.42,Issuer_C,2033-05-08,USD,53.16,0.42,2.56,US,78000000,N,Corporates
Bond_864,AA,106.24,0.64,Issuer_C,2031-04-01,GBP,64.13,0.19,1.67,FR,603000000,N,Governments
Bond_865,BBB,97.55,1.96,Issuer_C,2027-05-21,GBP,59.24,0.75,3.09,US,996000000,N,Governments
Bond_866,A,94.62,2.56,Issuer_A,2034-10-12,EUR,37.9,0.29,1.73,JP,300000000,Y,Corporates
Bond_867,BBB,97.72,3.93,Issuer_D,2033-12-11,GBP,58.79,0.58,3.97,DE,152000000,Y,Corporates
Bond_868,BBB,95.52,3.55,Issuer_C,2033-08-22,USD,19.72,0.65,3.06,FR,50000000,Y,Corporates
Bond_869,BBB,107.0,0.86,Issuer_B,2028-09-08,GBP,40.87,0.63,3.81,US,700000000,Y,Corporates
Bond_870,CCC,99.04,0.52,Issuer_A,2026-03-07,GBP,82.87,0.44,2.92,US,482000000,Y,Corporates
Bond_871,B,92.75,0.77,Issuer_A,2029-02-24,EUR,37.09,0.73,4.42,GB,888000000,Y,Corporates
Bond_873,A,106.72,2.36,Issuer_D,2027-07-24,EUR,80.35,0.73,2.92,FR,630000000,Y,Corporates
Bond_874,B,90.33,3.54,Issuer_A,2034-11-13,JPY,87.33,0.9,1.19,GB,955000000,Y,Corporates
Bond_875,BB,97.98,3.62,Issuer_D,2025-08-19,JPY,94.51,0.62,1.34,FR,398000000,Y,Corporates
Bond_876,BBB,90.19,1.31,Issuer_A,2031-11-08,USD,22.61,0.35,2.69,DE,178000000,Y,Corporates
Bond_877,B,109.35,0.74,Issuer_B,2028-04-28,JPY,90.19,0.87,3.33,FR,636000000,N,Corporates
Bond_878,BB,95.96,2.86,Issuer_A,2029-09-07,EUR,96.61,0.64,0.53,US,22000000,Y,Corporates
Bond_879,BBB,107.25,3.8,Issuer_A,2035-08-20,USD,30.66,0.63,1.7,JP,676000000,N,Corporates
Bond_880,CCC,93.78,2.28,Issuer_C,2034-02-04,JPY,92.17,0.05,2.26,JP,941000000,N,Governments
Bond_882,AAA,106.13,0.92,Issuer_B,2027-09-11,JPY,29.46,0.06,2.3,US,633000000,N,Governments
Bond_883,A,94.0,2.28,Issuer_C,2033-02-02,GBP,0.18,0.38,4.63,JP,739000000,N,Governments
Bond_884,B,106.06,3.99,Issuer_A,2032-09-13,USD,90.26,0.67,2.07,JP,421000000,Y,Corporates
Bond_885,AAA,108.59,2.4,Issuer_B,2025-06-13,JPY,15.02,0.69,0.58,FR,788000000,Y,Corporates
Bond_887,CCC,106.61,1.1,Issuer_A,2033-06-05,GBP,20.84,0.58,2.46,JP,749000000,Y,Corporates
Bond_888,CCC,108.28,1.69,Issuer_C,2028-06-07,JPY,66.39,0.08,3.24,JP,195000000,N,Governments
Bond_889,CCC,95.41,4.78,Issuer_C,2028-09-27,EUR,61.38,0.43,3.91,GB,972000000,Y,Corporates
Bond_890,BBB,106.0,0.74,Issuer_A,2030-05-23,USD,51.72,0.45,2.57,US,151000000,Y,Corporates
Bond_891,B,98.95,4.07,Issuer_C,2032-05-10,EUR,33.18,0.61,1.49,FR,978000000,Y,Corporates
Bond_892,BBB,95.42,0.02,Issuer_A,2025-06-26,EUR,28.26,0.79,0.29,JP,237000000,Y,Corporates
Bond_893,CCC,104.26,3.7,Issuer_C,2030-06-22,JPY,56.82,0.39,3.35,GB,966000000,N,Governments
Bond_895,AAA,97.63,0.03,Issuer_A,2029-06-10,JPY,77.56,0.75,4.43,DE,115000000,N,Governments
Bond_896,CCC,101.06,0.92,Issuer_A,2031-03-22,EUR,35.36,0.95,4.7,DE,264000000,N,Corporates
Bond_897,CCC,94.84,3.46,Issuer_C,2029-05-24,EUR,2.14,0.09,0.02,JP,321000000,Y,Corporates
Bond_898,BBB,103.97,2.0,Issuer_D,2026-11-21,GBP,18.96,0.24,3.01,US,232000000,N,Governments
Bond_899,CCC,95.05,1.29,Issuer_D,2030-08-24,GBP,69.73,1.0,2.29,DE,971000000,Y,Corporates
Bond_900,BB,109.0,4.8,Issuer_D,2033-09-23,JPY,71.36,0.61,2.31,DE,96000000,Y,Corporates
Bond_901,A,109.23,0.43,Issuer_A,2026-06-21,GBP,8.36,0.32,1.62,JP,198000000,N,Corporates
Bond_902,CCC,99.2,3.47,Issuer_C,2027-08-11,USD,44.38,0.38,0.16,GB,519000000,N,Governments
Bond_903,AAA,90.27,4.72,Issuer_A,2026-07-12,GBP,52.54,0.9,1.71,US,771000000,N,Governments
Bond_904,BB,97.32,1.15,Issuer_A,2030-03-23,GBP,35.32,0.21,0.8,DE,803000000,Y,Corporates
Bond_905,BBB,103.85,1.51,Issuer_C,2026-04-03,USD,97.45,0.67,2.48,DE,283000000,Y,Corporates
Bond_906,BB,101.66,2.78,Issuer_B,2034-06-09,GBP,7.97,0.92,3.85,DE,444000000,N,Governments
Bond_907,CCC,100.57,0.57,Issuer_A,2025-06-14,JPY,21.8,0.83,2.54,GB,972000000,N,Governments
Bond_908,A,103.27,3.83,Issuer_A,2032-07-14,USD,71.3,0.84,0.01,DE,938000000,N,Corporates
Bond_909,CCC,100.86,3.88,Issuer_A,2026-07-21,GBP,6.44,0.21,3.19,JP,459000000,N,Governments
Bond_910,A,97.04,3.0,Issuer_D,2028-08-02,USD,56.26,0.64,2.94,US,243000000,N,Corporates
Bond_911,BB,91.38,2.75,Issuer_C,2031-10-15,JPY,7.55,0.12,3.15,JP,20000000,Y,Corporates
Bond_912,BB,108.79,0.73,Issuer_B,2028-04-23,JPY,19.41,0.15,0.87,JP,737000000,Y,Corporates
Bond_913,AAA,91.46,3.76,Issuer_C,2034-12-17,GBP,87.12,0.37,4.59,US,764000000,N,Corporates
Bond_914,AA,100.91,2.21,Issuer_B,2029-02-10,USD,59.81,0.25,2.0,JP,259000000,N,Governments
Bond_916,BBB,103.51,0.2,Issuer_A,2029-11-18,USD,87.97,0.97,0.19,JP,473000000,N,Governments
Bond_917,AA,98.0,3.79,Issuer_B,2033-08-24,JPY,32.2,0.73,0.43,JP,928000000,Y,Corporates
Bond_919,B,106.1,1.75,Issuer_D,2025-11-07,GBP,44.77,0.53,4.19,GB,287000000,N,Corporates
Bond_920,AAA,95.11,2.76,Issuer_D,2027-06-09,JPY,70.33,0.19,2.2,DE,309000000,Y,Corporates
Bond_922,BBB,91.84,0.36,Issuer_C,2025-06-17,GBP,13.92,0.49,4.87,FR,919000000,Y,Corporates
Bond_923,AAA,94.43,1.65,Issuer_B,2034-01-26,JPY,38.09,0.64,1.19,FR,395000000,Y,Corporates
Bond_927,AAA,109.41,0.01,Issuer_C,2031-01-06,EUR,70.15,0.05,1.39,JP,575000000,N,Corporates
Bond_928,AA,104.5,4.09,Issuer_A,2027-12-04,EUR,89.01,0.12,2.75,DE,140000000,N,Corporates
Bond_929,A,91.14,0.02,Issuer_C,2031-04-17,EUR,77.49,0.69,4.41,US,798000000,Y,Corporates
Bond_930,AA,107.1,1.44,Issuer_A,2025-07-16,EUR,87.15,0.4,4.55,JP,138000000,N,Corporates
Bond_931,B,109.34,2.71,Issuer_A,2035-11-23,USD,34.58,0.86,0.94,JP,874000000,N,Governments
Bond_932,AAA,94.39,4.74,Issuer_B,2028-03-03,EUR,7.48,0.05,4.13,JP,954000000,Y,Corporates
Bond_933,B,94.53,2.16,Issuer_C,2034-10-17,EUR,33.68,0.58,1.81,US,240000000,N,Corporates
Bond_934,B,93.17,0.84,Issuer_A,2029-09-05,JPY,50.07,0.26,0.07,FR,602000000,Y,Corporates
Bond_935,B,91.95,1.5,Issuer_D,2025-11-27,JPY,62.34,0.27,1.37,GB,890000000,N,Governments
Bond_936,A,99.41,3.03,Issuer_B,2035-12-02,JPY,31.61,0.72,1.76,GB,296000000,N,Governments
Bond_938,B,95.54,1.0,Issuer_D,2025-06-01,JPY,32.76,0.26,4.12,DE,362000000,Y,Corporates
Bond_940,AAA,106.01,2.32,Issuer_C,2035-02-24,JPY,74.06,0.02,0.19,JP,555000000,N,Governments
Bond_941,BBB,103.79,1.91,Issuer_B,2031-07-11,GBP,51.59,0.44,3.08,DE,303000000,Y,Corporates
Bond_942,CCC,105.91,4.02,Issuer_B,2031-10-16,USD,96.07,0.73,3.32,GB,624000000,Y,Corporates
Bond_943,A,95.58,0.31,Issuer_A,2033-03-20,USD,68.34,0.37,2.7,FR,870000000,Y,Corporates
Bond_944,AA,105.93,1.84,Issuer_B,2032-03-26,USD,54.73,0.89,0.27,DE,613000000,N,Governments
Bond_946,BB,97.58,0.46,Issuer_D,2029-09-28,JPY,91.28,0.14,2.85,JP,76000000,Y,Corporates
Bond_947,AAA,102.8,1.45,Issuer_B,2033-12-28,EUR,65.17,0.6,0.87,FR,963000000,Y,Corporates
Bond_948,BBB,101.13,3.78,Issuer_B,2033-08-22,JPY,41.79,0.37,2.6,GB,903000000,Y,Corporates
Bond_949,CCC,109.75,4.36,Issuer_D,2025-04-27,JPY,42.35,0.91,2.61,JP,334000000,N,Corporates
Bond_950,A,99.08,4.97,Issuer_B,2035-12-19,JPY,62.79,0.87,1.7,GB,125000000,N,Corporates
Bond_951,BB,91.91,2.86,Issuer_B,2025-08-01,EUR,70.41,0.95,0.38,GB,843000000,Y,Corporates
Bond_952,BBB,107.5,0.66,Issuer_C,2033-01-07,GBP,4.44,0.46,3.52,US,140000000,Y,Corporates
Bond_953,CCC,109.52,2.92,Issuer_C,2029-09-18,GBP,29.47,0.47,2.85,FR,217000000,Y,Corporates
Bond_954,CCC,91.47,3.01,Issuer_C,2029-03-28,USD,45.12,0.71,4.47,US,843000000,N,Corporates
Bond_955,BBB,108.7,4.08,Issuer_A,2032-04-22,USD,70.55,0.37,2.3,US,441000000,N,Corporates
Bond_956,BB,106.0,1.25,Issuer_A,2031-12-06,JPY,23.08,0.8,3.76,FR,709000000,Y,Corporates
Bond_957,AAA,106.08,3.01,Issuer_A,2029-06-17,USD,22.64,0.18,2.36,JP,214000000,Y,Corporates
Bond_958,B,109.79,1.08,Issuer_A,2033-11-02,GBP,12.02,0.34,4.46,GB,311000000,N,Governments
Bond_959,AA,102.46,2.82,Issuer_A,2034-04-15,GBP,83.61,0.78,3.95,DE,895000000,Y,Corporates
Bond_960,A,104.94,1.9,Issuer_C,2032-08-19,JPY,31.23,0.72,1.6,US,56000000,Y,Corporates
Bond_961,BBB,107.11,3.24,Issuer_D,2026-06-09,EUR,9.63,0.29,4.11,US,287000000,Y,Corporates
Bond_962,B,104.6,1.96,Issuer_C,2028-04-19,EUR,5.0,0.59,0.77,JP,303000000,Y,Corporates
Bond_963,CCC,104.18,1.77,Issuer_C,2030-12-07,GBP,44.03,0.86,0.59,JP,942000000,N,Corporates
Bond_964,BB,102.6,4.86,Issuer_B,2033-07-07,EUR,55.77,0.82,3.91,GB,16000000,Y,Corporates
Bond_965,AA,97.49,2.82,Issuer_B,2029-09-02,JPY,94.02,0.27,1.93,JP,983000000,Y,Corporates
Bond_968,BB,98.37,3.25,Issuer_B,2025-12-02,GBP,81.77,0.38,2.79,US,393000000,N,Corporates
Bond_969,A,90.74,4.66,Issuer_B,2028-10-13,USD,72.33,0.24,2.48,US,675000000,N,Corporates
Bond_970,A,102.65,1.87,Issuer_B,2025-01-28,EUR,75.18,0.2,0.56,GB,500000000,N,Corporates
Bond_971,B,99.96,2.55,Issuer_C,2035-11-28,USD,45.82,0.5,0.06,DE,637000000,Y,Corporates
Bond_972,BB,109.1,0.28,Issuer_A,2032-03-13,JPY,94.68,0.29,1.19,GB,365000000,Y,Corporates
Bond_973,B,90.81,3.26,Issuer_C,2032-11-19,JPY,54.52,0.54,1.93,US,316000000,Y,Corporates
Bond_974,AAA,106.66,2.33,Issuer_B,2031-08-04,GBP,21.94,0.59,3.57,JP,308000000,Y,Corporates
Bond_976,B,96.29,3.03,Issuer_A,2028-03-05,USD,63.83,0.8,0.65,JP,421000000,Y,Corporates
Bond_977,AA,108.24,0.03,Issuer_C,2031-07-14,GBP,45.29,0.67,1.86,FR,844000000,N,Governments
Bond_979,A,97.35,0.42,Issuer_B,2033-12-02,GBP,8.34,0.02,0.99,JP,128000000,Y,Corporates
Bond_980,B,91.87,0.04,Issuer_B,2028-08-02,EUR,40.24,0.08,0.85,US,81000000,N,Governments
Bond_981,BB,109.94,3.98,Issuer_D,2035-11-11,GBP,23.75,0.27,1.43,JP,451000000,N,Corporates
Bond_982,BBB,103.51,3.92,Issuer_D,2026-08-11,JPY,59.53,0.83,4.3,JP,101000000,Y,Corporates
Bond_983,A,97.6,4.03,Issuer_B,2034-04-02,GBP,29.52,0.01,4.83,FR,390000000,Y,Corporates
Bond_984,B,108.08,3.67,Issuer_B,2032-05-14,USD,51.18,0.32,1.23,JP,912000000,N,Governments
Bond_985,B,99.42,1.68,Issuer_A,2028-08-10,USD,59.06,0.58,0.33,GB,554000000,Y,Corporates
Bond_986,AA,103.16,1.36,Issuer_C,2035-11-14,JPY,81.76,0.96,2.92,US,188000000,Y,Corporates
Bond_987,A,94.85,3.29,Issuer_C,2033-11-25,USD,10.82,0.45,1.05,US,938000000,N,Corporates
Bond_988,B,103.52,3.19,Issuer_D,2034-04-06,JPY,70.37,0.52,2.23,US,971000000,Y,Corporates
Bond_989,AAA,101.95,4.58,Issuer_C,2035-09-22,JPY,34.79,0.44,4.65,JP,191000000,N,Governments
Bond_990,AAA,104.71,2.83,Issuer_D,2032-01-09,USD,33.19,0.07,4.58,JP,438000000,Y,Corporates
Bond_991,A,103.75,2.51,Issuer_A,2032-02-10,GBP,82.11,0.39,0.05,JP,387000000,Y,Corporates
Bond_992,B,94.1,4.15,Issuer_D,2025-07-16,USD,29.24,0.47,1.3,GB,780000000,N,Corporates
Bond_993,AAA,90.78,3.91,Issuer_A,2032-08-17,USD,73.4,0.05,3.41,GB,676000000,Y,Corporates
Bond_994,A,102.1,2.31,Issuer_C,2026-01-12,EUR,14.74,0.77,3.74,JP,426000000,Y,Corporates
Bond_995,BB,101.97,0.7,Issuer_A,2025-04-23,GBP,85.83,0.09,2.86,GB,819000000,Y,Corporates
Bond_996,BBB,104.63,3.8,Issuer_B,2025-04-07,USD,61.29,0.88,3.2,US,85000000,N,Governments
Bond_997,BBB,91.2,2.02,Issuer_B,2025-01-20,USD,52.52,0.02,3.54,JP,482000000,Y,Corporates
Bond_998,AAA,93.68,1.61,Issuer_A,2028-02-19,EUR,20.9,0.86,1.39,US,936000000,Y,Corporates
